Days,Relation
1,6.0192
2,5.935
3,5.8883
4,5.785
5,5.8983
6,6.0517
7,5.9567
8,5.8692
9,5.8758
10,5.8417
11,5.8883
12,5.9575
13,5.9083
14,5.9408
15,5.9742
16,5.9492
17,5.9275
18,5.92
19,5.9175
20,5.9192
21,5.995
22,6.035
23,6.055
24,6.1583
25,6.1775
26,6.26
27,6.1808
28,6.2167
29,6.2017
30,6.1408
31,6.1108
32,6.1617
33,6.2317
34,6.2825
35,6.2792
36,6.1808
37,6.2275
38,6.1867
39,6.1808
40,6.2008
41,6.2517
42,6.2867
43,6.2425
44,6.25
45,6.255
46,6.2717
47,6.3092
48,6.2621
49,6.2608
50,6.2425
51,6.2683
52,6.2633
53,6.2371
54,6.165
55,6.1075
56,6.1209
57,6.0971
58,6.0283
59,6.045
60,5.9896
61,6.0413
62,6.0793
63,6.1583
64,6.0983
65,6.1054
66,6.15
67,6.12
68,6.0882
69,6.1052
70,6.1142
71,6.1296
72,6.1143
73,6.1258
74,6.1529
75,6.129
76,6.1461
77,6.1385
78,6.1453
79,6.14
80,6.1426
81,6.1545
82,6.1673
83,6.185
84,6.2651
85,6.2278
86,6.215
87,6.305
88,6.3167
89,6.3342
90,6.3246
91,6.3114
92,6.28
93,6.2763
94,6.2453
95,6.2337
96,6.2643
97,6.2568
98,6.2754
99,6.2886
100,6.285
101,6.2743
102,6.2776
103,6.275
104,6.2875
105,6.3055
106,6.3297
107,6.3128
108,6.3685
109,6.3918
110,6.3878
111,6.4195
112,6.4042
113,6.3848
114,6.4342
115,6.5883
116,6.5425
117,6.5425
118,6.5404
119,6.5741
120,6.8133
121,6.7467
122,6.7042
123,6.748
124,6.75
125,6.7608
126,6.7062
127,6.6908
128,6.6695
129,6.7034
130,6.7608
131,6.8008
132,7.1667
133,7.1717
134,6.9342
135,7.1471
136,7.4033
137,7.685
138,7.3483
139,7.5167
140,7.82
141,8.1383
142,7.665
143,7.8725
144,8.095
145,7.9
146,7.8
147,7.7508
148,7.7067
149,7.7242
150,7.635
151,7.6967
152,7.6783
153,7.6517
154,7.4775
155,7.5467
156,7.5767
157,7.6167
158,7.6708
159,7.6713
160,7.7083
161,7.79
162,7.7504
163,7.795
164,7.8192
165,7.7696
166,7.7588
167,7.6809
168,7.55
169,7.5858
170,7.5708
171,7.5533
172,7.6425
173,7.6842
174,7.7396
175,7.6958
176,7.5596
177,7.57
178,7.5675
179,7.5388
180,7.4779
181,7.5188
182,7.5213
183,7.4679
184,7.5246
185,7.5254
186,7.51
187,7.4667
188,7.4296
189,7.3123
190,7.3608
191,7.4215
192,7.3867
193,7.4349
194,7.3908
195,7.3699
196,7.4212
197,7.417
198,7.4241
199,7.4821
200,7.48
201,7.4863
202,7.4929
203,7.5279
204,7.5688
205,7.5298
206,7.5008
207,7.5446
208,7.5458
209,7.5785
210,7.5381
211,7.5477
212,7.5331
213,7.5571
214,7.539
215,7.5573
216,7.6296
217,7.5891
218,7.5747
219,7.5863
220,7.5952
221,7.5713
222,7.5893
223,7.6237
224,7.6045
225,7.5893
226,7.5616
227,7.5762
228,7.5561
229,7.5242
230,7.5432
231,7.56
232,7.5484
233,7.5437
234,7.5479
235,7.5526
236,7.5375
237,7.5127
238,7.511
239,7.5181
240,7.5725
241,7.5366
242,7.495
243,7.499
244,7.4995
245,7.4736
246,7.4315
247,7.4276
248,7.441
249,7.4053
250,7.3776
251,7.4175
252,7.433
253,7.3794
254,7.4042
255,7.4526
256,7.4462
257,7.4692
258,7.4749
259,7.5283
260,7.512
261,7.4828
262,7.4762
263,7.4469
264,7.4434
265,7.4075
266,7.4467
267,7.4179
268,7.4019
269,7.4124
270,7.394
271,7.3861
272,7.3823
273,7.3988
274,7.384
275,7.385
276,7.4095
277,7.4367
278,7.4208
279,7.4747
280,7.4313
281,7.4651
282,7.5017
283,7.5278
284,7.5149
285,7.6308
286,7.5743
287,7.6343
288,7.5935
289,7.5843
290,7.5552
291,7.5268
292,7.5506
293,7.5743
294,7.6352
295,7.6077
296,7.6108
297,7.6323
298,7.5814
299,7.6215
300,7.5842
301,7.5925
302,7.6093
303,7.6318
304,7.6688
305,7.6383
306,7.6183
307,7.6429
308,7.639
309,7.6453
310,7.6575
311,7.6536
312,7.6453
313,7.6168
314,7.6293
315,7.6078
316,7.6117
317,7.5903
318,7.5959
319,7.6135
320,7.5713
321,7.5893
322,7.5709
323,7.5375
324,7.5504
325,7.534
326,7.5119
327,7.5349
328,7.5172
329,7.5106
330,7.4897
331,7.4868
332,7.5077
333,7.4789
334,7.4854
335,7.4778
336,7.4858
337,7.4757
338,7.483
339,7.502
340,7.5163
341,7.493
342,7.5205
343,7.5831
344,7.549
345,7.5828
346,7.562
347,7.5996
348,7.5768
349,7.5426
350,7.5385
351,7.5562
352,7.5417
353,7.5139
354,7.5055
355,7.4907
356,7.5052
357,7.5379
358,7.5828
359,7.5364
360,7.5317
361,7.5374
362,7.5383
363,7.5519
364,7.5317
365,7.5183
366,7.5302
367,7.5273
368,7.5281
369,7.54
370,7.5741
371,7.6109
372,7.6265
373,7.6923
374,7.7472
375,7.795
376,7.7726
377,7.7307
378,7.7381
379,7.7625
380,7.8502
381,7.8297
382,7.955
383,7.8904
384,7.9172
385,7.9883
386,8.0478
387,7.9653
388,7.9242
389,7.892
390,7.9215
391,7.9527
392,7.9005
393,7.9017
394,7.9155
395,7.9215
396,7.9182
397,7.902
398,7.9085
399,7.8975
400,7.896
401,7.87
402,7.9095
403,7.875
404,7.87
405,7.8858
406,7.893
407,7.8928
408,7.8787
409,7.8626
410,7.8885
411,7.926
412,7.9032
413,7.8723
414,7.8723
415,7.9017
416,7.9272
417,7.8771
418,7.881
419,7.8674
420,7.8427
421,7.8344
422,7.8325
423,7.8442
424,7.8509
425,7.8557
426,7.8703
427,7.9027
428,7.8664
429,7.8508
430,7.8375
431,7.8174
432,7.8208
433,7.8607
434,7.8125
435,7.8005
436,7.8085
437,7.8222
438,7.8275
439,7.8082
440,7.8033
441,7.7946
442,7.7913
443,7.8205
444,7.8312
445,7.8152
446,7.8393
447,7.8409
448,7.8217
449,7.8183
450,7.8322
451,7.8282
452,7.8048
453,7.7988
454,7.7927
455,7.7968
456,7.7898
457,7.778
458,7.7692
459,7.801
460,7.7887
461,7.746
462,7.7617
463,7.7502
464,7.7556
465,7.7844
466,7.8358
467,7.974
468,8.0117
469,7.9737
470,8.0438
471,8.0092
472,8.0152
473,7.959
474,7.978
475,7.9611
476,7.9987
477,7.9789
478,7.992
479,7.9492
480,7.9233
481,7.9407
482,7.8958
483,7.8905
484,7.9126
485,7.9313
486,7.9117
487,7.9248
488,7.972
489,7.9592
490,7.9061
491,7.8851
492,7.8913
493,7.9153
494,7.9222
495,7.9064
496,7.8877
497,7.8978
498,7.8852
499,7.8738
500,7.8773
501,7.8703
502,7.8783
503,7.8545
504,7.8917
505,7.9267
506,7.9743
507,7.9519
508,7.9113
509,7.8781
510,7.9203
511,7.9253
512,7.9028
513,7.9243
514,7.9065
515,7.8925
516,7.9031
517,7.8942
518,7.8934
519,7.8878
520,7.8655
521,7.8689
522,7.8731
523,7.9059
524,7.9263
525,7.9085
526,7.9082
527,7.9167
528,7.9183
529,7.9118
530,7.9283
531,7.9482
532,7.987
533,7.9878
534,7.9689
535,7.9753
536,7.9633
537,7.9581
538,7.9537
539,7.9424
540,7.9098
541,7.9168
542,7.9582
543,7.977
544,7.9413
545,7.9483
546,7.9577
547,7.9517
548,7.9504
549,7.9298
550,7.9395
551,7.9497
552,7.966
553,7.9072
554,7.9147
555,7.8953
556,7.8913
557,7.8526
558,7.8693
559,7.8861
560,7.9282
561,7.8557
562,7.9097
563,7.8868
564,7.8571
565,7.8373
566,7.8313
567,7.7717
568,7.7808
569,7.8088
570,7.7658
571,7.8248
572,7.8244
573,7.831
574,7.8051
575,7.7806
576,7.7895
577,7.8263
578,7.8059
579,7.782
580,7.7828
581,7.766
582,7.7646
583,7.7757
584,7.7575
585,7.7615
586,7.7597
587,7.7905
588,7.7583
589,7.7637
590,7.7548
591,7.7746
592,7.7853
593,7.777
594,7.7687
595,7.7882
596,7.807
597,7.784
598,7.7791
599,7.7769
600,7.7847
601,7.7794
602,7.7677
603,7.7546
604,7.756
605,7.7558
606,7.7245
607,7.7681
608,7.8243
609,7.8072
610,7.8199
611,7.8158
612,7.7707
613,7.7536
614,7.753
615,7.7562
616,7.7601
617,7.7497
618,7.7603
619,7.77
620,7.7592
621,7.7483
622,7.7427
623,7.7403
624,7.7336
625,7.7484
626,7.727
627,7.7196
628,7.7229
629,7.763
630,7.8272
631,8.14
632,8.2967
633,8.1033
634,8.3433
635,8.3683
636,8.2367
637,8.2535
638,8.1659
639,8.365
640,8.3767
641,8.2627
642,8.31
643,8.3583
644,8.38
645,8.3275
646,8.2425
647,8.2642
648,8.2883
649,8.1773
650,8.2352
651,8.2358
652,8.2
653,8.2165
654,8.2135
655,8.181
656,8.1538
657,8.1306
658,8.1057
659,8.144
660,8.1105
661,8.1148
662,8.1394
663,8.1998
664,8.1376
665,8.0916
666,8.0787
667,8.074
668,8.1318
669,8.1156
670,8.1268
671,8.1648
672,8.143
673,8.0833
674,8.064
675,8.0681
676,8.0585
677,8.0423
678,8.0422
679,8.0598
680,8.0775
681,8.0857
682,8.2775
683,8.1628
684,8.1662
685,8.2762
686,8.1978
687,8.1803
688,8.2145
689,8.2682
690,8.332
691,8.2939
692,8.281
693,8.2662
694,8.3603
695,8.464
696,8.4643
697,8.4367
698,8.4323
699,8.4135
700,8.4222
701,8.4529
702,8.485
703,8.4522
704,8.4495
705,8.4652
706,8.4629
707,8.4578
708,8.5427
709,8.5449
710,8.5892
711,8.6379
712,8.614
713,8.5832
714,8.5583
715,8.5253
716,8.4957
717,8.5347
718,8.5825
719,8.6202
720,8.5978
721,8.6273
722,8.6273
723,8.669
724,8.5673
725,8.5595
726,8.5927
727,8.6048
728,8.5641
729,8.5638
730,8.5784
731,8.5368
732,8.541
733,8.5282
734,8.5252
735,8.5165
736,8.5353
737,8.5192
738,8.5096
739,8.5214
740,8.541
741,8.52
742,8.5274
743,8.5106
744,8.513
745,8.4928
746,8.4716
747,8.5009
748,8.4945
749,8.4728
750,8.455
751,8.4616
752,8.4703
753,8.4747
754,8.519
755,8.4818
756,8.5029
757,8.4898
758,8.477
759,8.4793
760,8.5007
761,8.4834
762,8.4673
763,8.4965
764,8.5198
765,8.5069
766,8.5147
767,8.5303
768,8.5849
769,8.6212
770,8.6223
771,8.6402
772,8.6378
773,8.7081
774,8.8802
775,8.7873
776,8.8164
777,8.8983
778,8.8818
779,8.7958
780,8.7803
781,8.7619
782,8.8252
783,8.836
784,8.8808
785,8.9609
786,9.0463
787,9.0375
788,8.9815
789,8.8803
790,8.8967
791,8.8929
792,8.9123
793,8.8927
794,8.9252
795,8.9537
796,9.0407
797,9.0228
798,8.9852
799,8.9375
800,8.9863
801,8.9497
802,8.9694
803,8.9558
804,8.9242
805,8.9432
806,8.9535
807,8.9025
808,8.8548
809,8.8535
810,8.8393
811,8.8218
812,8.7896
813,8.8033
814,8.8721
815,8.8647
816,8.867
817,8.893
818,8.8861
819,8.9178
820,8.9008
821,8.9215
822,8.9545
823,8.9648
824,9.0062
825,9.0255
826,9.0187
827,9.1253
828,9.2016
829,9.1762
830,9.2325
831,9.1812
832,9.3018
833,9.2302
834,9.1873
835,9.3134
836,9.69
837,9.6458
838,9.6001
839,9.815
840,9.96
841,10.0275
842,9.9717
843,9.9458
844,10.1072
845,10.1618
846,10.1967
847,10.2742
848,10.3499
849,10.5325
850,10.5792
851,10.5233
852,10.2058
853,10.3158
854,10.1383
855,10.305
856,10.0962
857,10.1159
858,10.1117
859,10.2438
860,10.1062
861,10.1119
862,10.1933
863,10.3137
864,10.3137
865,10.218
866,10.1729
867,10.1835
868,10.3549
869,10.2157
870,10.1555
871,10.1863
872,10.18
873,10.1312
874,10.0933
875,10.0863
876,10.042
877,10.0338
878,9.993
879,10.0353
880,10.0293
881,10.149
882,10.1575
883,10.2198
884,10.1137
885,10.0312
886,9.9365
887,9.9886
888,9.9717
889,10.0015
890,10.0256
891,10.006
892,10.0563
893,9.9965
894,9.9765
895,9.944
896,9.9305
897,9.9203
898,9.8772
899,9.9145
900,9.9107
901,9.9404
902,9.9676
903,9.9995
904,10.0318
905,9.9682
906,9.9876
907,9.9897
908,9.9993
909,9.9423
910,9.9517
911,9.95
912,9.9482
913,9.9491
914,9.9498
915,9.8828
916,9.7863
917,9.7972
918,9.7568
919,9.8028
920,9.8104
921,9.8822
922,9.8382
923,9.865
924,9.9395
925,9.8963
926,9.8376
927,9.7921
928,9.7755
929,9.8527
930,9.8091
931,9.9394
932,10.0848
933,10.6
934,10.5383
935,10.3485
936,10.2258
937,10.2783
938,10.178
939,10.2874
940,10.2017
941,10.2242
942,10.2252
943,10.1745
944,10.1752
945,10.1543
946,10.0986
947,10.0823
948,10.1138
949,10.1217
950,10.0821
951,10.0764
952,10.0606
953,9.9793
954,9.9486
955,9.9315
956,9.919
957,9.9043
958,9.8809
959,9.9333
960,9.9315
961,9.9565
962,9.9357
963,9.9836
964,9.9441
965,9.9072
966,9.9528
967,9.9641
968,9.9334
969,9.8732
970,9.8434
971,9.7927
972,9.8012
973,9.748
974,9.7527
975,9.7053
976,9.6587
977,9.6888
978,9.6462
979,9.6675
980,9.7116
981,9.6723
982,9.6917
983,9.6454
984,9.5954
985,9.5158
986,9.5376
987,9.5218
988,9.4818
989,9.4846
990,9.4968
991,9.4771
992,9.5728
993,9.5569
994,9.5058
995,9.5085
996,9.543
997,9.5237
998,9.3831
999,9.4077
1000,9.3643
1001,9.3317
1002,9.3005
1003,9.3084
1004,9.3285
1005,9.2871
1006,9.2622
1007,9.2447
1008,9.2689
1009,9.2749
1010,9.333
1011,9.348
1012,9.2992
1013,9.2533
1014,9.3247
1015,9.2698
1016,9.3591
1017,9.3663
1018,9.2983
1019,9.3086
1020,9.3242
1021,9.3589
1022,9.3845
1023,9.5468
1024,9.6715
1025,9.7498
1026,9.7833
1027,9.6872
1028,9.8156
1029,9.7653
1030,9.6545
1031,9.6272
1032,9.5045
1033,9.4879
1034,9.5817
1035,9.5985
1036,9.5452
1037,9.5767
1038,9.5018
1039,9.4585
1040,9.4038
1041,9.355
1042,9.3781
1043,9.3717
1044,9.4038
1045,9.459
1046,9.4717
1047,9.4875
1048,9.4165
1049,9.4409
1050,9.3773
1051,9.3513
1052,9.3167
1053,9.3314
1054,9.3637
1055,9.3303
1056,9.3523
1057,9.4358
1058,9.459
1059,9.3388
1060,9.3343
1061,9.3563
1062,9.3008
1063,9.3013
1064,9.3348
1065,9.3746
1066,9.3856
1067,9.4235
1068,9.368
1069,9.3827
1070,9.426
1071,9.401
1072,9.4058
1073,9.4552
1074,9.4364
1075,9.5097
1076,9.4962
1077,9.4874
1078,9.5063
1079,9.415
1080,9.3533
1081,9.3883
1082,9.3568
1083,9.3332
1084,9.3218
1085,9.3745
1086,9.3868
1087,9.3435
1088,9.331
1089,9.3081
1090,9.3394
1091,9.3819
1092,9.4095
1093,9.385
1094,9.3739
1095,9.3382
1096,9.3462
1097,9.3497
1098,9.3578
1099,9.3471
1100,9.3174
1101,9.3192
1102,9.3323
1103,9.3092
1104,9.3712
1105,9.3223
1106,9.3044
1107,9.2858
1108,9.3055
1109,9.3565
1110,9.3158
1111,9.3582
1112,9.3565
1113,9.3483
1114,9.4063
1115,9.4531
1116,9.4758
1117,9.4323
1118,9.4598
1119,9.4682
1120,9.4507
1121,9.4675
1122,9.519
1123,9.6308
1124,9.7114
1125,9.7143
1126,9.6713
1127,9.6114
1128,9.6482
1129,9.603
1130,9.6374
1131,9.6299
1132,9.6504
1133,9.6357
1134,9.625
1135,9.6208
1136,9.5552
1137,9.4712
1138,9.4518
1139,9.4571
1140,9.4158
1141,9.4126
1142,9.3857
1143,9.3787
1144,9.3685
1145,9.4018
1146,9.3549
1147,9.346
1148,9.3288
1149,9.319
1150,9.3324
1151,9.3195
1152,9.2945
1153,9.355
1154,9.3737
1155,9.432
1156,9.4683
1157,9.5326
1158,9.4942
1159,9.4562
1160,9.4416
1161,9.4755
1162,9.4288
1163,9.4143
1164,9.4143
1165,9.411
1166,9.379
1167,9.3578
1168,9.3298
1169,9.3338
1170,9.3142
1171,9.3095
1172,9.3695
1173,9.4188
1174,9.4632
1175,9.5143
1176,9.5222
1177,9.4986
1178,9.3949
1179,9.4564
1180,9.5455
1181,9.5705
1182,9.515
1183,9.4464
1184,9.478
1185,9.5352
1186,9.5057
1187,9.4483
1188,9.4172
1189,9.4383
1190,9.4086
1191,9.4038
1192,9.4463
1193,9.4838
1194,9.5288
1195,9.5103
1196,9.5123
1197,9.5727
1198,9.6253
1199,9.5956
1200,9.5724
1201,9.5011
1202,9.4803
1203,9.4327
1204,9.4018
1205,9.3998
1206,9.4348
1207,9.4212
1208,9.3988
1209,9.388
1210,9.371
1211,9.3905
1212,9.3592
1213,9.4108
1214,9.4395
1215,9.4067
1216,9.3798
1217,9.3748
1218,9.4033
1219,9.3662
1220,9.3633
1221,9.3382
1222,9.3115
1223,9.3215
1224,9.3009
1225,9.2662
1226,9.2837
1227,9.3125
1228,9.3338
1229,9.3127
1230,9.3436
1231,9.3224
1232,9.3255
1233,9.3185
1234,9.2765
1235,9.2398
1236,9.1712
1237,9.1775
1238,9.1883
1239,9.2331
1240,9.3015
1241,9.2845
1242,9.2761
1243,9.2878
1244,9.3835
1245,9.3535
1246,9.3218
1247,9.2868
1248,9.3918
1249,9.3965
1250,9.3988
1251,9.4842
1252,9.4882
1253,9.4388
1254,9.3939
1255,9.4443
1256,9.4078
1257,9.4073
1258,9.4521
1259,9.4127
1260,9.3374
1261,9.3848
1262,9.3928
1263,9.4918
1264,9.4855
1265,9.5702
1266,9.5768
1267,9.5661
1268,9.582
1269,9.5088
1270,9.5451
1271,9.5751
1272,9.615
1273,9.5778
1274,9.509
1275,9.5328
1276,9.494
1277,9.5274
1278,9.5326
1279,9.516
1280,9.511
1281,9.4988
1282,9.5461
1283,9.5442
1284,9.657
1285,9.7942
1286,9.8519
1287,9.9263
1288,9.8546
1289,9.7645
1290,9.7879
1291,9.8478
1292,9.9243
1293,9.9031
1294,9.8644
1295,9.8568
1296,9.8707
1297,9.9805
1298,10.0197
1299,10.0787
1300,9.9538
1301,9.9003
1302,9.8243
1303,9.5461
1304,9.4876
1305,9.5384
1306,9.546
1307,9.5195
1308,9.5023
1309,9.428
1310,9.4748
1311,9.4368
1312,9.4152
1313,9.3491
1314,9.3327
1315,9.4118
1316,9.3608
1317,9.3485
1318,9.3337
1319,9.3657
1320,9.3627
1321,9.361
1322,9.3578
1323,9.3667
1324,9.3428
1325,9.3462
1326,9.3881
1327,9.3574
1328,9.3353
1329,9.3353
1330,9.326
1331,9.3198
1332,9.2918
1333,9.2516
1334,9.2504
1335,9.1923
1336,9.1873
1337,9.2293
1338,9.2563
1339,9.2322
1340,9.2773
1341,9.2268
1342,9.2342
1343,9.2093
1344,9.2317
1345,9.2108
1346,9.1995
1347,9.2014
1348,9.2231
1349,9.2612
1350,9.3115
1351,9.3141
1352,9.3243
1353,9.2814
1354,9.2542
1355,9.286
1356,9.3125
1357,9.3517
1358,9.4172
1359,9.425
1360,9.4483
1361,9.4347
1362,9.479
1363,9.4218
1364,9.4032
1365,9.4088
1366,9.429
1367,9.4459
1368,9.4142
1369,9.4014
1370,9.4292
1371,9.4515
1372,9.46
1373,9.4753
1374,9.4632
1375,9.479
1376,9.5193
1377,9.5879
1378,9.5351
1379,9.5443
1380,9.5765
1381,9.5333
1382,9.5605
1383,9.5736
1384,9.5757
1385,9.6242
1386,9.6777
1387,9.6443
1388,9.5995
1389,9.5642
1390,9.5824
1391,9.599
1392,9.6438
1393,9.6544
1394,9.6166
1395,9.6533
1396,9.6008
1397,9.558
1398,9.4963
1399,9.4625
1400,9.4828
1401,9.4828
1402,9.4098
1403,9.379
1404,9.4057
1405,9.393
1406,9.3692
1407,9.4058
1408,9.3973
1409,9.4155
1410,9.4132
1411,9.3737
1412,9.402
1413,9.4263
1414,9.3984
1415,9.4418
1416,9.4497
1417,9.4127
1418,9.4079
1419,9.3788
1420,9.379
1421,9.4348
1422,9.5727
1423,9.598
1424,9.5201
1425,9.5722
1426,9.5997
1427,9.6098
1428,9.714
1429,9.834
1430,9.708
1431,9.7546
1432,9.69
1433,9.7417
1434,9.8167
1435,9.8548
1436,9.8798
1437,9.9018
1438,9.9778
1439,9.8878
1440,9.887
1441,9.7953
1442,9.7863
1443,9.7683
1444,9.6923
1445,9.683
1446,9.6909
1447,9.6687
1448,9.6692
1449,9.6828
1450,9.7328
1451,9.756
1452,9.6998
1453,9.6945
1454,9.6464
1455,9.7238
1456,9.7389
1457,9.7065
1458,9.7219
1459,9.6763
1460,9.7022
1461,9.7044
1462,9.6797
1463,9.709
1464,9.7278
1465,9.7183
1466,9.6618
1467,9.6827
1468,9.7025
1469,9.7052
1470,9.6688
1471,9.637
1472,9.6409
1473,9.6542
1474,9.6468
1475,9.6703
1476,9.6625
1477,9.632
1478,9.576
1479,9.5843
1480,9.6233
1481,9.5683
1482,9.5188
1483,9.5722
1484,9.654
1485,9.5315
1486,9.5139
1487,9.538
1488,9.5203
1489,9.4933
1490,9.4152
1491,9.3914
1492,9.4201
1493,9.414
1494,9.4059
1495,9.3587
1496,9.3093
1497,9.2908
1498,9.323
1499,9.2723
1500,9.1966
1501,9.2748
1502,9.3525
1503,9.37
1504,9.2768
1505,9.3123
1506,9.2671
1507,9.3049
1508,9.2537
1509,9.283
1510,9.2873
1511,9.2579
1512,9.2212
1513,9.2048
1514,9.216
1515,9.1967
1516,9.225
1517,9.1922
1518,9.161
1519,9.1645
1520,8.9952
1521,8.9774
1522,8.9428
1523,8.966
1524,9.0398
1525,9.0805
1526,9.0945
1527,9.0781
1528,9.0851
1529,9.1653
1530,9.1835
1531,9.1735
1532,9.1369
1533,9.1722
1534,9.1208
1535,9.1235
1536,9.068
1537,9.029
1538,9.094
1539,9.118
1540,9.0523
1541,9.0522
1542,9.0502
1543,9.0792
1544,9.0798
1545,9.057
1546,9.073
1547,9.0595
1548,9.0606
1549,9.0608
1550,9.09
1551,9.0708
1552,9.0221
1553,9.0258
1554,9.0707
1555,9.0312
1556,9.1503
1557,9.1193
1558,9.1476
1559,9.2953
1560,9.342
1561,9.3542
1562,9.2918
1563,9.1855
1564,9.1283
1565,9.2
1566,9.1796
1567,9.1107
1568,9.1087
1569,9.1599
1570,9.157
1571,9.192
1572,9.1472
1573,9.1408
1574,9.2111
1575,9.1698
1576,9.1638
1577,9.1292
1578,9.12
1579,9.0958
1580,9.0897
1581,9.1247
1582,9.0863
1583,9.1206
1584,9.094
1585,9.0833
1586,9.1155
1587,9.1383
1588,9.1227
1589,9.1158
1590,9.1205
1591,9.1444
1592,9.1123
1593,9.1365
1594,9.1438
1595,9.1692
1596,9.2
1597,9.1936
1598,9.1957
1599,9.2587
1600,9.2898
1601,9.3242
1602,9.3716
1603,9.5475
1604,9.4447
1605,9.4748
1606,9.4942
1607,9.4478
1608,9.4455
1609,9.4185
1610,9.4802
1611,9.4848
1612,9.4315
1613,9.4842
1614,9.5258
1615,9.5542
1616,9.5098
1617,9.5037
1618,9.5217
1619,9.5273
1620,9.5243
1621,9.5808
1622,9.5666
1623,9.5163
1624,9.4053
1625,9.3397
1626,9.3538
1627,9.2753
1628,9.235
1629,9.234
1630,9.231
1631,9.1971
1632,9.1977
1633,9.2243
1634,9.2173
1635,9.2469
1636,9.2722
1637,9.2421
1638,9.2682
1639,9.2542
1640,9.2892
1641,9.2783
1642,9.2221
1643,9.2132
1644,9.2088
1645,9.2115
1646,9.2318
1647,9.2708
1648,9.2519
1649,9.2362
1650,9.2028
1651,9.2121
1652,9.1968
1653,9.1409
1654,9.1547
1655,9.1476
1656,9.1647
1657,9.2372
1658,9.2762
1659,9.2815
1660,9.2681
1661,9.205
1662,9.2197
1663,9.2165
1664,9.2401
1665,9.2124
1666,9.1865
1667,9.1819
1668,9.1204
1669,9.0798
1670,9.1198
1671,9.1052
1672,9.1175
1673,9.1682
1674,9.1235
1675,9.0923
1676,9.0957
1677,9.1423
1678,9.1692
1679,9.1695
1680,9.1037
1681,9.1142
1682,9.1368
1683,9.1554
1684,9.1678
1685,9.2044
1686,9.2444
1687,9.2734
1688,9.1923
1689,9.1711
1690,9.1993
1691,9.1255
1692,9.119
1693,9.1219
1694,9.1521
1695,9.148
1696,9.1227
1697,9.1295
1698,9.1585
1699,9.1714
1700,9.1974
1701,9.1463
1702,9.1544
1703,9.1627
1704,9.1294
1705,9.1381
1706,9.1465
1707,9.0787
1708,9.0896
1709,9.0607
1710,9.0838
1711,9.0652
1712,9.0638
1713,9.069
1714,9.0858
1715,9.0757
1716,9.1061
1717,9.0831
1718,9.0815
1719,9.0919
1720,9.1303
1721,9.0957
1722,9.0723
1723,9.077
1724,9.0797
1725,9.0753
1726,9.0728
1727,9.0703
1728,9.0753
1729,9.1153
1730,9.1182
1731,9.0929
1732,9.0733
1733,9.0742
1734,9.0707
1735,9.0403
1736,9.0298
1737,9.0243
1738,9.016
1739,9.0049
1740,8.998
1741,9.0398
1742,9.0468
1743,9.0266
1744,9.0217
1745,9.0422
1746,9.0446
1747,9.0771
1748,9.0749
1749,9.1714
1750,9.1597
1751,9.1904
1752,9.2345
1753,9.2247
1754,9.2663
1755,9.2698
1756,9.2908
1757,9.3528
1758,9.3196
1759,9.3542
1760,9.372
1761,9.417
1762,9.4978
1763,9.4913
1764,9.4828
1765,9.417
1766,9.4463
1767,9.5102
1768,9.4933
1769,9.5204
1770,9.4717
1771,9.4863
1772,9.471
1773,9.491
1774,9.5133
1775,9.5245
1776,9.5165
1777,9.5585
1778,9.57
1779,9.5586
1780,9.6134
1781,9.7148
1782,9.6562
1783,9.6398
1784,9.706
1785,9.7345
1786,9.776
1787,9.7412
1788,9.6993
1789,9.6607
1790,9.7035
1791,9.6532
1792,9.6684
1793,9.6078
1794,9.6258
1795,9.6983
1796,9.7676
1797,9.9473
1798,9.936
1799,9.8203
1800,9.9998
1801,9.9615
1802,9.9568
1803,9.9283
1804,9.9612
1805,9.967
1806,9.9502
1807,9.9034
1808,9.9223
1809,9.8552
1810,9.8338
1811,9.7979
1812,9.7072
1813,9.7522
1814,9.7345
1815,9.6468
1816,9.6462
1817,9.7053
1818,9.6285
1819,9.613
1820,9.7018
1821,9.7158
1822,9.7652
1823,9.6944
1824,9.741
1825,9.7861
1826,9.8769
1827,9.8412
1828,9.7928
1829,9.7473
1830,9.7348
1831,9.7335
1832,9.764
1833,9.8402
1834,9.9512
1835,9.9668
1836,9.9292
1837,9.8643
1838,9.7747
1839,9.7713
1840,9.7854
1841,9.8388
1842,9.8488
1843,9.8267
1844,9.8543
1845,9.899
1846,9.9193
1847,9.9109
1848,9.9187
1849,9.9789
1850,10.0154
1851,10.0086
1852,9.9621
1853,9.9605
1854,9.9511
1855,9.9654
1856,10.0023
1857,9.9674
1858,9.9658
1859,10.0116
1860,10.0628
1861,10.2265
1862,10.3578
1863,10.2425
1864,10.2565
1865,10.1667
1866,10.1767
1867,10.2299
1868,10.1573
1869,10.1248
1870,10.1398
1871,10.184
1872,10.2154
1873,10.1575
1874,10.2048
1875,10.2195
1876,10.1592
1877,10.1084
1878,10.0683
1879,10.0757
1880,9.9988
1881,9.9842
1882,9.9383
1883,9.9723
1884,10.0079
1885,9.9468
1886,9.9816
1887,10.0003
1888,10.1593
1889,10.2263
1890,10.1552
1891,10.1992
1892,10.182
1893,10.2099
1894,10.1698
1895,10.2428
1896,10.2953
1897,10.3334
1898,10.3447
1899,10.2787
1900,10.2092
1901,10.2484
1902,10.176
1903,10.1635
1904,10.0874
1905,10.1333
1906,10.1065
1907,10.1535
1908,10.1496
1909,10.1193
1910,10.1465
1911,10.1036
1912,10.1421
1913,10.2287
1914,10.2452
1915,10.2724
1916,10.1852
1917,10.1744
1918,10.1785
1919,10.185
1920,10.1966
1921,10.2053
1922,10.2526
1923,10.192
1924,10.1836
1925,10.1907
1926,10.2014
1927,10.2479
1928,10.3125
1929,10.3613
1930,10.4393
1931,10.3626
1932,10.3856
1933,10.4195
1934,10.328
1935,10.3617
1936,10.4112
1937,10.4672
1938,10.5368
1939,10.5274
1940,10.4875
1941,10.5083
1942,10.59
1943,10.6222
1944,10.6866
1945,10.8263
1946,10.7708
1947,10.8267
1948,10.8875
1949,10.8842
1950,10.9863
1951,10.8636
1952,10.9069
1953,10.8833
1954,10.9822
1955,10.8731
1956,10.8979
1957,10.9948
1958,10.94
1959,10.9832
1960,10.9723
1961,10.8823
1962,10.7667
1963,10.7722
1964,10.84
1965,10.8998
1966,10.9798
1967,10.9815
1968,11.0584
1969,11.0329
1970,11.0333
1971,11.0324
1972,10.9902
1973,11.1367
1974,11.1927
1975,11.225
1976,11.1064
1977,11.0998
1978,11.0052
1979,10.9073
1980,10.8173
1981,10.8481
1982,10.8713
1983,10.8147
1984,10.8633
1985,10.8734
1986,10.8008
1987,10.72
1988,10.7498
1989,10.7671
1990,10.6698
1991,10.7889
1992,10.7362
1993,10.6676
1994,10.6619
1995,10.6823
1996,10.6896
1997,10.7398
1998,10.7541
1999,10.7651
2000,10.702
2001,10.6102
2002,10.6398
2003,10.6225
2004,10.5545
2005,10.5525
2006,10.5147
2007,10.4348
2008,10.4318
2009,10.4304
2010,10.345
2011,10.3
2012,10.2003
2013,10.1817
2014,10.2678
2015,10.2115
2016,10.17
2017,10.1068
2018,10.1773
2019,10.1605
2020,10.1428
2021,10.2927
2022,10.376
2023,10.3498
2024,10.2663
2025,10.253
2026,10.2383
2027,10.2473
2028,10.2519
2029,10.3166
2030,10.4063
2031,10.3205
2032,10.3377
2033,10.2402
2034,10.2598
2035,10.3882
2036,10.5598
2037,10.5608
2038,10.7431
2039,10.7145
2040,10.6119
2041,10.5775
2042,10.5946
2043,10.4983
2044,10.5014
2045,10.5883
2046,10.4858
2047,10.4669
2048,10.4796
2049,10.5188
2050,10.4734
2051,10.4808
2052,10.4176
2053,10.437
2054,10.4495
2055,10.4779
2056,10.447
2057,10.4087
2058,10.3946
2059,10.543
2060,10.4795
2061,10.4482
2062,10.4213
2063,10.3821
2064,10.4308
2065,10.4079
2066,10.349
2067,10.36
2068,10.4105
2069,10.4362
2070,10.516
2071,10.5203
2072,10.5095
2073,10.4645
2074,10.4878
2075,10.487
2076,10.5243
2077,10.5997
2078,10.5864
2079,10.7117
2080,10.7058
2081,10.7001
2082,10.6623
2083,10.6909
2084,10.7448
2085,10.7562
2086,10.6961
2087,10.7273
2088,10.723
2089,10.8007
2090,10.8379
2091,10.8507
2092,10.8615
2093,10.8753
2094,10.9118
2095,10.9337
2096,10.9806
2097,11.0475
2098,11.046
2099,11.0313
2100,10.9386
2101,10.8575
2102,10.862
2103,10.9185
2104,11.0233
2105,10.9502
2106,10.9737
2107,10.9793
2108,10.9713
2109,10.9054
2110,10.9163
2111,10.8955
2112,10.8275
2113,10.7741
2114,10.7975
2115,10.8115
2116,10.9272
2117,11.0446
2118,11.0133
2119,10.9614
2120,11.1603
2121,11.2473
2122,11.2193
2123,11.2923
2124,11.249
2125,11.2356
2126,11.1946
2127,11.1853
2128,11.2347
2129,11.1785
2130,11.2472
2131,11.2802
2132,11.1748
2133,11.1397
2134,11.2178
2135,11.181
2136,11.1784
2137,11.1068
2138,11.0693
2139,11.1078
2140,11.1058
2141,11.0525
2142,10.9881
2143,10.9998
2144,10.9829
2145,10.9903
2146,10.9688
2147,11.0097
2148,10.9582
2149,11.0582
2150,11.1757
2151,11.1442
2152,11.1823
2153,11.1643
2154,11.2094
2155,11.2058
2156,11.2879
2157,11.3398
2158,11.3522
2159,11.3385
2160,11.3985
2161,11.3783
2162,11.3535
2163,11.2496
2164,11.2224
2165,11.1959
2166,11.2391
2167,11.1635
2168,11.2145
2169,11.1877
2170,11.2728
2171,11.3061
2172,11.2676
2173,11.2193
2174,11.2295
2175,11.2855
2176,11.2696
2177,11.2744
2178,11.218
2179,11.236
2180,11.1998
2181,11.2372
2182,11.0885
2183,10.9805
2184,10.9686
2185,10.9044
2186,10.8847
2187,10.8376
2188,10.818
2189,10.8369
2190,10.8231
2191,10.8514
2192,10.8172
2193,10.8264
2194,10.847
2195,10.9521
2196,11.0012
2197,10.962
2198,10.9178
2199,10.8789
2200,10.9145
2201,11.0843
2202,11.0214
2203,10.9545
2204,11.082
2205,11.0608
2206,11.1305
2207,11.1039
2208,11.1069
2209,10.9866
2210,10.9626
2211,10.9627
2212,10.9434
2213,10.9337
2214,10.9058
2215,10.9688
2216,10.9423
2217,10.9437
2218,11.0558
2219,11.0932
2220,11.0715
2221,11.0606
2222,10.9794
2223,10.9623
2224,11.0301
2225,10.9955
2226,10.9393
2227,10.9329
2228,10.9695
2229,10.9368
2230,10.9633
2231,10.9638
2232,10.9621
2233,11.039
2234,10.9988
2235,11.0128
2236,10.9863
2237,10.9737
2238,10.9695
2239,10.9915
2240,11.013
2241,11.0578
2242,11.154
2243,11.2103
2244,11.1748
2245,11.1828
2246,11.1815
2247,11.1598
2248,11.1631
2249,11.2233
2250,11.2211
2251,11.2702
2252,11.2848
2253,11.27
2254,11.2525
2255,11.251
2256,11.3065
2257,11.3119
2258,11.3256
2259,11.3433
2260,11.2881
2261,11.3109
2262,11.3387
2263,11.4068
2264,11.4093
2265,11.431
2266,11.4105
2267,11.3887
2268,11.4358
2269,11.5272
2270,11.6328
2271,11.6325
2272,11.6246
2273,11.6281
2274,11.5713
2275,11.5282
2276,11.4933
2277,11.5448
2278,11.5735
2279,11.5673
2280,11.5608
2281,11.476
2282,11.4556
2283,11.4515
2284,11.4128
2285,11.4147
2286,11.4845
2287,11.4265
2288,11.4373
2289,11.4224
2290,11.3498
2291,11.3397
2292,11.3808
2293,11.366
2294,11.3689
2295,11.4327
2296,11.4259
2297,11.3991
2298,11.3523
2299,11.3312
2300,11.3143
2301,11.3077
2302,11.3425
2303,11.3004
2304,11.3175
2305,11.4116
2306,11.5297
2307,11.5258
2308,11.4922
2309,11.4763
2310,11.4432
2311,11.4948
2312,11.467
2313,11.5315
2314,11.5152
2315,11.5009
2316,11.4949
2317,11.4552
2318,11.4909
2319,11.4352
2320,11.3785
2321,11.3954
2322,11.46
2323,11.4463
2324,11.434
2325,11.4582
2326,11.5111
2327,11.4801
2328,11.4302
2329,11.4079
2330,11.4253
2331,11.4052
2332,11.4527
2333,11.457
2334,11.4124
2335,11.3776
2336,11.3943
2337,11.4436
2338,11.4414
2339,11.4048
2340,11.3848
2341,11.3481
2342,11.3472
2343,11.355
2344,11.3453
2345,11.3764
2346,11.3859
2347,11.3712
2348,11.366
2349,11.3739
2350,11.4231
2351,11.3807
2352,11.4145
2353,11.4725
2354,11.5279
2355,11.5193
2356,11.5689
2357,11.5895
2358,11.5717
2359,11.6005
2360,11.576
2361,11.5851
2362,11.5333
2363,11.4774
2364,11.4557
2365,11.4294
2366,11.4012
2367,11.418
2368,11.4107
2369,11.4348
2370,11.4106
2371,11.4288
2372,11.3884
2373,11.3503
2374,11.3502
2375,11.3149
2376,11.2745
2377,11.2874
2378,11.2406
2379,11.2449
2380,11.2865
2381,11.3021
2382,11.3195
2383,11.454
2384,11.5068
2385,11.4507
2386,11.4548
2387,11.4722
2388,11.4424
2389,11.515
2390,11.5178
2391,11.5118
2392,11.5293
2393,11.539
2394,11.5331
2395,11.4997
2396,11.4248
2397,11.4118
2398,11.4031
2399,11.3953
2400,11.4465
2401,11.4299
2402,11.3997
2403,11.381
2404,11.3583
2405,11.3508
2406,11.3271
2407,11.3335
2408,11.3637
2409,11.3949
2410,11.3447
2411,11.2797
2412,11.2713
2413,11.247
2414,11.266
2415,11.2373
2416,11.1713
2417,11.1453
2418,11.1213
2419,11.1355
2420,11.1704
2421,11.2738
2422,11.291
2423,11.3343
2424,11.3045
2425,11.2903
2426,11.2028
2427,11.2316
2428,11.2403
2429,11.1555
2430,11.1873
2431,11.1814
2432,11.1363
2433,11.15
2434,11.1348
2435,11.2042
2436,11.2648
2437,11.2183
2438,11.1495
2439,11.2007
2440,11.3087
2441,11.3418
2442,11.4018
2443,11.3643
2444,11.2667
2445,11.2209
2446,11.1761
2447,11.1858
2448,11.2339
2449,11.2285
2450,11.2495
2451,11.2328
2452,11.2515
2453,11.2505
2454,11.2353
2455,11.289
2456,11.2632
2457,11.2991
2458,11.2613
2459,11.2141
2460,11.1714
2461,11.167
2462,11.1683
2463,11.1414
2464,11.1909
2465,11.2152
2466,11.1919
2467,11.1533
2468,11.1532
2469,11.1558
2470,11.1535
2471,11.1625
2472,11.1389
2473,11.0732
2474,11.068
2475,11.0487
2476,11.0807
2477,11.0955
2478,11.1086
2479,11.0965
2480,11.104
2481,11.1073
2482,11.0837
2483,11.0458
2484,11.0349
2485,10.979
2486,11.0181
2487,11.0324
2488,11.0223
2489,11.135
2490,11.2038
2491,11.2276
2492,11.2193
2493,11.1759
2494,11.1898
2495,11.2505
2496,11.3228
2497,11.2942
2498,11.2293
2499,11.1783
2500,11.1893
2501,11.2175
2502,11.2176
2503,11.2307
2504,11.1945
2505,11.1583
2506,11.0879
2507,11.1155
2508,11.0615
2509,11.1032
2510,11.1021
2511,11.129
2512,11.0776
2513,11.0614
2514,11.041
2515,11.0361
2516,11.0571
2517,11.0595
2518,11.1033
2519,11.1159
2520,11.0832
2521,11.0271
2522,11.0284
2523,10.982
2524,10.9487
2525,10.9433
2526,10.9693
2527,11.0082
2528,11.0323
2529,11.0189
2530,11.029
2531,11.0376
2532,10.9963
2533,10.9668
2534,10.9283
2535,10.9715
2536,10.9533
2537,10.9801
2538,10.9372
2539,10.9645
2540,10.903
2541,10.8699
2542,10.916
2543,10.8442
2544,10.8144
2545,10.8179
2546,10.8792
2547,10.8695
2548,10.8494
2549,10.8868
2550,10.8648
2551,10.868
2552,10.8392
2553,10.8332
2554,10.8007
2555,10.7913
2556,10.8342
2557,10.7982
2558,10.761
2559,10.7897
2560,10.7642
2561,10.8127
2562,10.8428
2563,10.7645
2564,10.7752
2565,10.7327
2566,10.7438
2567,10.7555
2568,10.7689
2569,10.7997
2570,10.7428
2571,10.7045
2572,10.6881
2573,10.6898
2574,10.6372
2575,10.6312
2576,10.5958
2577,10.6227
2578,10.6498
2579,10.5942
2580,10.6307
2581,10.6683
2582,10.7165
2583,10.643
2584,10.6201
2585,10.6057
2586,10.5994
2587,10.5968
2588,10.6138
2589,10.5831
2590,10.5921
2591,10.6018
2592,10.6383
2593,10.5874
2594,10.5815
2595,10.6343
2596,10.604
2597,10.5809
2598,10.6088
2599,10.6601
2600,10.7753
2601,10.7356
2602,10.7742
2603,10.8822
2604,10.8153
2605,10.8333
2606,10.8936
2607,10.8377
2608,10.7995
2609,10.7234
2610,10.684
2611,10.6689
2612,10.6868
2613,10.7015
2614,10.7126
2615,10.708
2616,10.6994
2617,10.7456
2618,10.8355
2619,10.807
2620,10.8558
2621,10.8232
2622,10.7798
2623,10.8341
2624,10.8475
2625,10.876
2626,10.886
2627,10.8495
2628,10.8131
2629,10.7907
2630,10.7683
2631,10.6857
2632,10.7115
2633,10.7687
2634,10.794
2635,10.7965
2636,10.8007
2637,10.8842
2638,10.9408
2639,10.9164
2640,10.8462
2641,10.8307
2642,10.8752
2643,10.8393
2644,10.8948
2645,10.856
2646,10.8417
2647,10.891
2648,10.9092
2649,10.8447
2650,10.7857
2651,10.7647
2652,10.7613
2653,10.7218
2654,10.7495
2655,10.7072
2656,10.7282
2657,10.7104
2658,10.714
2659,10.6833
2660,10.6897
2661,10.6505
2662,10.635
2663,10.676
2664,10.6543
2665,10.6425
2666,10.6678
2667,10.618
2668,10.6083
2669,10.607
2670,10.567
2671,10.5702
2672,10.5793
2673,10.5247
2674,10.4558
2675,10.4741
2676,10.4097
2677,10.44
2678,10.502
2679,10.624
2680,10.6368
2681,10.6931
2682,10.7378
2683,10.7567
2684,10.7283
2685,10.6997
2686,10.6457
2687,10.6532
2688,10.6845
2689,10.6932
2690,10.7362
2691,10.7777
2692,10.7109
2693,10.6344
2694,10.6253
2695,10.6455
2696,10.5815
2697,10.5907
2698,10.5726
2699,10.5446
2700,10.599
2701,10.6097
2702,10.5732
2703,10.5752
2704,10.559
2705,10.5372
2706,10.5778
2707,10.5589
2708,10.5078
2709,10.5208
2710,10.5063
2711,10.5004
2712,10.5039
2713,10.4598
2714,10.4416
2715,10.4433
2716,10.4303
2717,10.4805
2718,10.4981
2719,10.4758
2720,10.5277
2721,10.4803
2722,10.487
2723,10.5258
2724,10.5249
2725,10.517
2726,10.5175
2727,10.4528
2728,10.4401
2729,10.4388
2730,10.499
2731,10.4885
2732,10.4761
2733,10.4661
2734,10.456
2735,10.4673
2736,10.5113
2737,10.5759
2738,10.6118
2739,10.7003
2740,10.756
2741,10.7094
2742,10.7125
2743,10.7126
2744,10.6942
2745,10.6667
2746,10.6212
2747,10.6885
2748,10.7568
2749,10.8628
2750,10.8612
2751,10.8568
2752,10.9329
2753,10.9633
2754,10.951
2755,10.9228
2756,10.8935
2757,10.8717
2758,10.8548
2759,10.9467
2760,11.0557
2761,11.1443
2762,11.0956
2763,11.0708
2764,11.0477
2765,11.0842
2766,11.0011
2767,10.9773
2768,11.0302
2769,11.0667
2770,11.0656
2771,11.0842
2772,11.1578
2773,11.1135
2774,11.0903
2775,11.0323
2776,10.9608
2777,10.9694
2778,10.9587
2779,10.9381
2780,10.9258
2781,10.8425
2782,10.8381
2783,11.0325
2784,11.1532
2785,11.0518
2786,11.133
2787,11.2005
2788,11.1915
2789,11.2799
2790,11.1935
2791,11.2854
2792,11.2097
2793,11.1373
2794,11.1303
2795,11.2693
2796,11.2966
2797,11.2843
2798,11.297
2799,11.2854
2800,11.3667
2801,11.325
2802,11.419
2803,11.3777
2804,11.3827
2805,11.4327
2806,11.4527
2807,11.4113
2808,11.414
2809,11.4459
2810,11.4809
2811,11.4441
2812,11.4405
2813,11.4382
2814,11.409
2815,11.4302
2816,11.3973
2817,11.4009
2818,11.2723
2819,11.1302
2820,11.0642
2821,11.1901
2822,11.1061
2823,11.0243
2824,10.9547
2825,11.0095
2826,11.0303
2827,11.0523
2828,11.0275
2829,10.9914
2830,10.9618
2831,10.9045
2832,10.8708
2833,10.8954
2834,10.9303
2835,10.9148
2836,10.9337
2837,10.8968
2838,10.8947
2839,10.9181
2840,11.0203
2841,10.9537
2842,10.9802
2843,10.8908
2844,10.8838
2845,10.9113
2846,10.8386
2847,10.8808
2848,10.8147
2849,10.8028
2850,10.825
2851,10.75
2852,10.748
2853,10.8217
2854,10.8038
2855,10.804
2856,10.8428
2857,10.922
2858,10.9528
2859,10.9347
2860,10.9047
2861,10.865
2862,10.9037
2863,10.8952
2864,10.8476
2865,10.8438
2866,10.938
2867,11.0196
2868,11.0271
2869,11.0705
2870,11.0361
2871,11.0117
2872,10.9818
2873,10.9468
2874,10.9273
2875,10.9227
2876,10.9346
2877,10.9953
2878,11.0877
2879,11.105
2880,11.0418
2881,11.0152
2882,11.0502
2883,10.9935
2884,10.9733
2885,11.0404
2886,11.0533
2887,11.0185
2888,11.0624
2889,11.0842
2890,11.0597
2891,11.0248
2892,10.9406
2893,10.8765
2894,10.8364
2895,10.8703
2896,10.8257
2897,10.806
2898,10.8169
2899,10.8489
2900,10.8289
2901,10.7918
2902,10.7313
2903,10.7093
2904,10.774
2905,10.764
2906,10.7449
2907,10.7948
2908,10.8344
2909,10.82
2910,10.8598
2911,10.8632
2912,10.9158
2913,10.9263
2914,10.8675
2915,10.8595
2916,10.8527
2917,10.9524
2918,11.0021
2919,10.9756
2920,10.9682
2921,11.0242
2922,11.052
2923,11.0454
2924,10.9983
2925,10.9975
2926,10.9595
2927,10.894
2928,10.862
2929,10.8558
2930,10.8606
2931,10.8375
2932,10.8255
2933,10.7922
2934,10.774
2935,10.8002
2936,10.8492
2937,10.8075
2938,10.8411
2939,10.8597
2940,10.8747
2941,10.881
2942,10.8755
2943,10.8116
2944,10.7815
2945,10.7708
2946,10.865
2947,10.9355
2948,10.9705
2949,11.0091
2950,11.0333
2951,10.965
2952,10.9765
2953,10.9419
2954,10.986
2955,10.9234
2956,10.9232
2957,10.8824
2958,10.8918
2959,10.9645
2960,10.9486
2961,10.9753
2962,11.0402
2963,11.0855
2964,11.0548
2965,11.0382
2966,10.982
2967,10.9921
2968,10.9192
2969,10.937
2970,10.9683
2971,10.9601
2972,11.0227
2973,10.9915
2974,10.9152
2975,10.9522
2976,10.9958
2977,10.9778
2978,10.9755
2979,11.0023
2980,10.9683
2981,11.0397
2982,11.079
2983,11.1493
2984,11.1682
2985,11.1917
2986,11.1817
2987,11.1762
2988,11.1473
2989,11.1555
2990,11.1426
2991,11.1205
2992,11.1483
2993,11.1727
2994,11.1867
2995,11.1348
2996,11.1664
2997,11.112
2998,11.0796
2999,11.022
3000,11.0166
3001,11.0253
3002,11.047
3003,11.0813
3004,11.0507
3005,11.0322
3006,11.0336
3007,10.9797
3008,10.9976
3009,10.9705
3010,11.0126
3011,10.984
3012,11.0135
3013,10.9917
3014,10.9856
3015,10.9911
3016,10.992
3017,11.0048
3018,10.979
3019,10.9637
3020,11.0053
3021,10.9369
3022,10.9312
3023,10.9305
3024,10.9278
3025,10.9262
3026,10.902
3027,10.8852
3028,10.8558
3029,10.8513
3030,10.8269
3031,10.8178
3032,10.8148
3033,10.7987
3034,10.8032
3035,10.7905
3036,10.8033
3037,10.8223
3038,10.7963
3039,10.7598
3040,10.7688
3041,10.8354
3042,10.7803
3043,10.7788
3044,10.7873
3045,10.818
3046,10.7445
3047,10.7131
3048,10.7441
3049,10.7809
3050,10.845
3051,10.9043
3052,10.9702
3053,10.9307
3054,10.9331
3055,10.9538
3056,10.9012
3057,10.8148
3058,10.776
3059,10.7494
3060,10.7713
3061,10.8266
3062,10.808
3063,10.8189
3064,10.8398
3065,10.8661
3066,10.7926
3067,10.7946
3068,10.7697
3069,10.7698
3070,10.76
3071,10.7936
3072,10.7828
3073,10.7531
3074,10.7917
3075,10.8248
3076,10.7799
3077,10.7608
3078,10.7653
3079,10.7628
3080,10.752
3081,10.7207
3082,10.7843
3083,10.764
3084,10.7846
3085,10.8712
3086,10.9436
3087,10.9973
3088,10.9812
3089,10.9273
3090,10.9663
3091,10.9402
3092,10.9677
3093,10.9886
3094,10.9613
3095,10.9209
3096,10.9832
3097,11.0173
3098,10.9915
3099,11.0549
3100,11.1148
3101,11.2676
3102,11.1259
3103,11.1053
3104,11.1213
3105,11.0736
3106,11.0489
3107,11.0413
3108,11.0382
3109,11.092
3110,11.1062
3111,11.0848
3112,11.0378
3113,11.0169
3114,11.0265
3115,11.0848
3116,11.0658
3117,11.1227
3118,11.1407
3119,11.1057
3120,11.072
3121,11.0743
3122,11.111
3123,11.1471
3124,11.0959
3125,10.9871
3126,10.9687
3127,10.9517
3128,10.9391
3129,10.9438
3130,10.9243
3131,10.9203
3132,10.9315
3133,10.9224
3134,10.921
3135,10.8685
3136,10.8963
3137,10.8557
3138,10.8589
3139,10.8379
3140,10.8383
3141,10.8101
3142,10.8252
3143,10.8133
3144,10.8418
3145,10.8181
3146,10.8133
3147,10.7976
3148,10.8404
3149,10.824
3150,10.8348
3151,10.8291
3152,10.7523
3153,10.7112
3154,10.7198
3155,10.7023
3156,10.6639
3157,10.7308
3158,10.7046
3159,10.7435
3160,10.8108
3161,10.8808
3162,10.9378
3163,10.8941
3164,10.8685
3165,10.9145
3166,10.9353
3167,10.9687
3168,11.0037
3169,10.979
3170,10.9733
3171,10.981
3172,10.9695
3173,10.9345
3174,10.9417
3175,10.8968
3176,10.9124
3177,10.9059
3178,10.8592
3179,10.8367
3180,10.8128
3181,10.8185
3182,10.8025
3183,10.8376
3184,10.8249
3185,10.846
3186,10.8553
3187,10.8412
3188,10.8363
3189,10.8203
3190,10.8132
3191,10.8105
3192,10.8662
3193,10.9043
3194,10.9157
3195,10.8972
3196,10.8842
3197,10.9277
3198,10.9208
3199,10.885
3200,10.962
3201,10.9572
3202,10.9318
3203,10.914
3204,10.9203
3205,10.9458
3206,10.9445
3207,10.9235
3208,10.9813
3209,10.9232
3210,10.9522
3211,10.8934
3212,10.8698
3213,10.8784
3214,10.8444
3215,10.8374
3216,10.8262
3217,10.8138
3218,10.8289
3219,10.8227
3220,10.804
3221,10.7575
3222,10.7736
3223,10.7465
3224,10.7509
3225,10.7413
3226,10.7653
3227,10.735
3228,10.7489
3229,10.7939
3230,10.798
3231,10.7818
3232,10.7855
3233,10.743
3234,10.7344
3235,10.6813
3236,10.7243
3237,10.7046
3238,10.7098
3239,10.6978
3240,10.7649
3241,10.8383
3242,10.8478
3243,10.7965
3244,10.7735
3245,10.7778
3246,10.7613
3247,10.704
3248,10.6944
3249,10.6748
3250,10.6793
3251,10.6957
3252,10.6962
3253,10.6987
3254,10.6482
3255,10.5985
3256,10.5557
3257,10.5644
3258,10.559
3259,10.5395
3260,10.561
3261,10.5552
3262,10.5503
3263,10.5337
3264,10.4919
3265,10.4843
3266,10.4579
3267,10.4828
3268,10.461
3269,10.5223
3270,10.5181
3271,10.4868
3272,10.462
3273,10.4702
3274,10.4464
3275,10.5272
3276,10.5095
3277,10.4585
3278,10.4687
3279,10.4937
3280,10.539
3281,10.5465
3282,10.5666
3283,10.5058
3284,10.4835
3285,10.4884
3286,10.4769
3287,10.4266
3288,10.3792
3289,10.4002
3290,10.3644
3291,10.381
3292,10.4
3293,10.3848
3294,10.3925
3295,10.3447
3296,10.3066
3297,10.3306
3298,10.3417
3299,10.2992
3300,10.3211
3301,10.3108
3302,10.3582
3303,10.362
3304,10.3847
3305,10.4268
3306,10.395
3307,10.3655
3308,10.3399
3309,10.3153
3310,10.2935
3311,10.3156
3312,10.2753
3313,10.3032
3314,10.318
3315,10.2938
3316,10.2841
3317,10.3028
3318,10.3069
3319,10.3908
3320,10.3722
3321,10.3692
3322,10.3411
3323,10.3263
3324,10.3363
3325,10.2993
3326,10.3076
3327,10.312
3328,10.2925
3329,10.3229
3330,10.2608
3331,10.2311
3332,10.2047
3333,10.1708
3334,10.1178
3335,10.0552
3336,10.0264
3337,10.019
3338,10.0706
3339,10.061
3340,10.034
3341,10.0353
3342,9.9705
3343,9.9335
3344,9.918
3345,9.9485
3346,9.9877
3347,10.1305
3348,10.1295
3349,10.159
3350,10.1968
3351,10.1586
3352,10.1966
3353,10.1395
3354,10.1867
3355,10.1343
3356,10.1106
3357,10.0991
3358,10.1183
3359,10.173
3360,10.1421
3361,10.1822
3362,10.2847
3363,10.3423
3364,10.3781
3365,10.3852
3366,10.4658
3367,10.5143
3368,10.481
3369,10.5013
3370,10.5862
3371,10.6745
3372,10.5828
3373,10.7054
3374,10.8702
3375,10.8365
3376,10.6133
3377,10.5879
3378,10.7264
3379,10.7879
3380,10.7653
3381,10.7919
3382,10.9397
3383,10.9814
3384,10.9811
3385,11.1296
3386,11.1188
3387,11.7667
3388,12.1196
3389,13.0417
3390,12.4433
3391,13.0867
3392,12.3743
3393,12.345
3394,12.7192
3395,13.0633
3396,12.8475
3397,12.7617
3398,13.1233
3399,13.5592
3400,13.5025
3401,13.4
3402,13.3083
3403,13.3692
3404,12.9142
3405,12.8342
3406,12.7125
3407,12.7875
3408,12.4862
3409,12.6042
3410,12.95
3411,12.8392
3412,12.785
3413,12.9892
3414,13.0875
3415,13.1663
3416,13.0242
3417,13.195
3418,13.18
3419,13.5758
3420,13.9183
3421,13.4958
3422,13.3142
3423,13.2117
3424,13.2325
3425,13.3225
3426,13.58
3427,13.53
3428,13.5996
3429,13.5358
3430,13.7567
3431,13.4597
3432,13.4921
3433,13.4722
3434,13.1821
3435,13.3317
3436,13.2717
3437,13.1275
3438,13.215
3439,13.1197
3440,13.1742
3441,13.2175
3442,13.3114
3443,13.3538
3444,13.5383
3445,13.7738
3446,13.8325
3447,13.7678
3448,13.5507
3449,13.3458
3450,13.4136
3451,13.5045
3452,13.7008
3453,13.7608
3454,13.839
3455,14.1083
3456,14.2192
3457,13.9058
3458,13.9777
3459,13.9382
3460,13.9145
3461,13.9325
3462,14.095
3463,13.9342
3464,14.1675
3465,14.1513
3466,14.1975
3467,14.3097
3468,14.5404
3469,14.4667
3470,14.2945
3471,14.1778
3472,14.1392
3473,14.3575
3474,14.5313
3475,14.6013
3476,14.4326
3477,14.5288
3478,14.6118
3479,14.6725
3480,14.5505
3481,14.8163
3482,14.8528
3483,14.8327
3484,14.9275
3485,14.9322
3486,15.0698
3487,15.365
3488,15.3372
3489,15.2178
3490,15.2855
3491,15.2633
3492,15.3517
3493,15.3142
3494,15.1145
3495,14.9083
3496,14.569
3497,14.0502
3498,14.1457
3499,14.08
3500,14.148
3501,14.3204
3502,14.2683
3503,14.2358
3504,14.2163
3505,14.3317
3506,14.3855
3507,14.1517
3508,13.9108
3509,13.7924
3510,13.6137
3511,13.6325
3512,13.5712
3513,13.3648
3514,13.0914
3515,13.086
3516,13.1683
3517,13.0511
3518,13.1558
3519,13.32
3520,13.175
3521,13.1457
3522,13.3099
3523,13.2318
3524,13.755
3525,13.8667
3526,13.6485
3527,13.8443
3528,13.35
3529,13.2242
3530,13.2268
3531,13.1103
3532,13.1067
3533,13.1008
3534,13.2208
3535,13.3177
3536,13.2983
3537,13.2058
3538,13.1363
3539,12.968
3540,12.8695
3541,13.103
3542,13.1728
3543,13.1375
3544,13.1338
3545,13.159
3546,13.2337
3547,13.1667
3548,13.155
3549,13.2609
3550,13.3172
3551,13.2675
3552,13.2768
3553,13.45
3554,13.4793
3555,13.6507
3556,13.4581
3557,13.3997
3558,13.4523
3559,13.3525
3560,13.4698
3561,13.3694
3562,13.3248
3563,13.3782
3564,13.3187
3565,13.3051
3566,13.2778
3567,13.2023
3568,13.1812
3569,13.1722
3570,13.0972
3571,13.1695
3572,13.2428
3573,13.2547
3574,13.2724
3575,13.4333
3576,13.5758
3577,13.7052
3578,13.8105
3579,13.7645
3580,13.6526
3581,13.587
3582,13.3895
3583,13.3158
3584,13.2879
3585,13.2312
3586,13.1915
3587,13.2247
3588,13.2167
3589,13.2825
3590,13.2643
3591,13.2223
3592,13.2125
3593,13.1293
3594,13.1073
3595,13.105
3596,12.9926
3597,12.9349
3598,12.922
3599,12.9937
3600,12.997
3601,12.8658
3602,12.8766
3603,12.9963
3604,12.9555
3605,12.9159
3606,12.8733
3607,12.8227
3608,12.8274
3609,12.8975
3610,13.1378
3611,13.2462
3612,13.2579
3613,13.314
3614,13.5246
3615,13.6427
3616,13.5898
3617,13.4658
3618,13.3646
3619,13.2826
3620,13.3923
3621,13.4582
3622,13.3432
3623,13.3892
3624,13.3475
3625,13.23
3626,13.2413
3627,13.353
3628,13.3186
3629,13.3733
3630,13.4549
3631,13.5243
3632,13.5042
3633,13.5513
3634,13.4928
3635,13.6242
3636,13.6773
3637,13.655
3638,13.4943
3639,13.4673
3640,13.3227
3641,13.255
3642,13.2178
3643,13.1774
3644,13.0779
3645,13.0884
3646,13.1057
3647,13.084
3648,12.9407
3649,12.9196
3650,12.9495
3651,12.9798
3652,13.149
3653,13.2662
3654,13.2823
3655,13.0825
3656,13.1479
3657,13.2908
3658,13.2708
3659,13.343
3660,13.3758
3661,13.2996
3662,13.2308
3663,13.1622
3664,13.2061
3665,13.1012
3666,13.0875
3667,12.9818
3668,13.0502
3669,13.0895
3670,13.0151
3671,12.9305
3672,12.866
3673,12.9475
3674,12.9139
3675,12.9157
3676,12.8557
3677,12.8026
3678,12.6658
3679,12.5969
3680,12.6558
3681,12.8399
3682,12.9862
3683,12.9739
3684,12.9253
3685,12.8105
3686,12.7234
3687,12.698
3688,12.9331
3689,12.8979
3690,12.8121
3691,12.9449
3692,12.8896
3693,12.8793
3694,12.9288
3695,13.0587
3696,13.0437
3697,13.0659
3698,12.9226
3699,12.8241
3700,12.7489
3701,12.7646
3702,12.7243
3703,12.6692
3704,12.7291
3705,12.7698
3706,12.7364
3707,12.6884
3708,12.6664
3709,12.6478
3710,12.7388
3711,12.772
3712,12.9412
3713,12.9018
3714,12.8549
3715,12.9295
3716,12.9975
3717,13.0098
3718,12.8699
3719,12.9395
3720,13.0687
3721,13.1753
3722,13.164
3723,13.0836
3724,13.0601
3725,13.0609
3726,12.9764
3727,12.942
3728,12.8683
3729,12.8781
3730,12.8442
3731,12.8337
3732,12.8017
3733,12.8584
3734,12.8539
3735,12.8503
3736,12.7769
3737,12.7454
3738,12.7259
3739,12.69
3740,12.7182
3741,12.6557
3742,12.6618
3743,12.6574
3744,12.6028
3745,12.6192
3746,12.5527
3747,12.5254
3748,12.4892
3749,12.4729
3750,12.5796
3751,12.6052
3752,12.5284
3753,12.5381
3754,12.5009
3755,12.5426
3756,12.464
3757,12.4145
3758,12.3306
3759,12.2658
3760,12.2454
3761,12.2218
3762,12.2488
3763,12.1997
3764,12.1808
3765,12.2122
3766,12.1827
3767,12.1934
3768,12.2356
3769,12.3064
3770,12.2188
3771,12.1896
3772,12.2405
3773,12.1973
3774,12.1575
3775,12.2278
3776,12.3698
3777,12.2465
3778,12.2626
3779,12.2605
3780,12.4288
3781,12.6635
3782,12.7884
3783,12.9179
3784,12.5297
3785,12.5025
3786,12.4351
3787,12.3501
3788,12.5684
3789,12.6926
3790,12.5787
3791,12.9138
3792,13.1412
3793,13.0338
3794,12.9588
3795,13.1819
3796,12.9955
3797,12.8846
3798,12.8589
3799,12.9146
3800,12.9012
3801,12.8625
3802,12.7644
3803,12.8603
3804,12.9202
3805,12.9288
3806,12.8093
3807,12.7441
3808,12.6748
3809,12.5974
3810,12.6001
3811,12.5878
3812,12.5925
3813,12.54
3814,12.4604
3815,12.5246
3816,12.6984
3817,12.7141
3818,12.7042
3819,12.6567
3820,12.8394
3821,12.8441
3822,13.0325
3823,13.059
3824,13.0953
3825,12.9308
3826,12.8975
3827,12.8232
3828,12.7859
3829,12.8233
3830,12.714
3831,12.7176
3832,12.7795
3833,12.9013
3834,12.9162
3835,12.8549
3836,12.7798
3837,12.756
3838,12.7749
3839,12.6975
3840,12.6469
3841,12.6798
3842,12.7038
3843,12.6455
3844,12.5728
3845,12.6048
3846,12.5535
3847,12.5367
3848,12.655
3849,12.6461
3850,12.6927
3851,12.7432
3852,12.7258
3853,12.7256
3854,12.6458
3855,12.5944
3856,12.6073
3857,12.7226
3858,12.7683
3859,12.8492
3860,12.936
3861,13.0453
3862,12.984
3863,13.0148
3864,13.1367
3865,13.1676
3866,13.0538
3867,13.055
3868,12.9526
3869,12.9395
3870,13.0566
3871,13.0034
3872,12.9853
3873,12.9616
3874,12.8729
3875,12.8355
3876,12.7793
3877,12.7623
3878,12.7594
3879,12.6886
3880,12.6422
3881,12.5491
3882,12.5168
3883,12.5011
3884,12.4801
3885,12.5998
3886,12.5511
3887,12.5875
3888,12.5099
3889,12.4779
3890,12.5277
3891,12.4895
3892,12.4224
3893,12.432
3894,12.3683
3895,12.4101
3896,12.4276
3897,12.4135
3898,12.4818
3899,12.4117
3900,12.3613
3901,12.3877
3902,12.3205
3903,12.3859
3904,12.4776
3905,12.4023
3906,12.3387
3907,12.3452
3908,12.3041
3909,12.2381
3910,12.2055
3911,12.2483
3912,12.2068
3913,12.2714
3914,12.2596
3915,12.2626
3916,12.4353
3917,12.3783
3918,12.2924
3919,12.2996
3920,12.309
3921,12.4577
3922,12.3912
3923,12.3669
3924,12.489
3925,12.5538
3926,12.4664
3927,12.3967
3928,12.3546
3929,12.3597
3930,12.3884
3931,12.4123
3932,12.4484
3933,12.4586
3934,12.4617
3935,12.3869
3936,12.3703
3937,12.3963
3938,12.4505
3939,12.4345
3940,12.417
3941,12.372
3942,12.3379
3943,12.3332
3944,12.3459
3945,12.3653
3946,12.3567
3947,12.3571
3948,12.3817
3949,12.3496
3950,12.2574
3951,12.2619
3952,12.2064
3953,12.2256
3954,12.2369
3955,12.2542
3956,12.1907
3957,12.0757
3958,12.1028
3959,12.0871
3960,12.0299
3961,12.0261
3962,12.0744
3963,12.0903
3964,12.0482
3965,12.0516
3966,12.0856
3967,12.0408
3968,12.0239
3969,12.1214
3970,12.1519
3971,12.017
3972,12.019
3973,12.0499
3974,11.9946
3975,11.9937
3976,12.0432
3977,12.0937
3978,12.0635
3979,12.0461
3980,12.114
3981,12.0957
3982,12.0483
3983,12.0172
3984,12.0558
3985,12.0917
3986,12.19
3987,12.173
3988,12.1235
3989,12.1062
3990,12.0929
3991,12.0981
3992,12.0368
3993,12.0064
3994,12.017
3995,12.0254
3996,11.968
3997,11.9755
3998,11.9441
3999,11.9235
4000,12.0171
4001,12.071
4002,12.0925
4003,12.0615
4004,11.9885
4005,12.0004
4006,11.9555
4007,11.9505
4008,11.959
4009,11.9678
4010,11.9219
4011,11.9084
4012,11.8412
4013,11.8533
4014,11.8322
4015,11.7836
4016,11.7931
4017,11.7421
4018,11.7447
4019,11.8266
4020,11.7907
4021,11.7679
4022,11.709
4023,11.7783
4024,11.6925
4025,11.6252
4026,11.6294
4027,11.5824
4028,11.5868
4029,11.5428
4030,11.5278
4031,11.5023
4032,11.5665
4033,11.6214
4034,11.6934
4035,11.609
4036,11.641
4037,11.6009
4038,11.6075
4039,11.6656
4040,11.7219
4041,11.7094
4042,11.766
4043,11.7234
4044,11.6588
4045,11.6467
4046,11.7292
4047,11.7032
4048,11.6948
4049,11.6956
4050,11.6256
4051,11.6123
4052,11.578
4053,11.6277
4054,11.6739
4055,11.6689
4056,11.6983
4057,11.7196
4058,11.8001
4059,11.7965
4060,11.8686
4061,11.868
4062,11.7982
4063,11.8751
4064,11.9591
4065,11.9006
4066,11.8916
4067,11.813
4068,11.7789
4069,11.8816
4070,11.8822
4071,11.8938
4072,11.8389
4073,11.7748
4074,11.723
4075,11.6368
4076,11.5925
4077,11.6194
4078,11.6544
4079,11.5738
4080,11.6337
4081,11.7274
4082,11.7867
4083,11.717
4084,11.701
4085,11.7178
4086,11.7877
4087,11.6964
4088,11.6638
4089,11.6174
4090,11.6393
4091,11.6641
4092,11.6172
4093,11.6527
4094,11.6821
4095,11.7425
4096,11.7514
4097,11.7657
4098,11.8473
4099,11.9523
4100,11.9794
4101,12.1845
4102,12.371
4103,12.3221
4104,12.3899
4105,12.2992
4106,12.2424
4107,12.2631
4108,12.1651
4109,12.3685
4110,12.2386
4111,12.2948
4112,12.3357
4113,12.3952
4114,12.4259
4115,12.4953
4116,12.4148
4117,12.4838
4118,12.348
4119,12.2616
4120,12.3735
4121,12.5353
4122,12.5102
4123,12.4661
4124,12.4956
4125,12.6324
4126,12.7687
4127,12.8994
4128,12.9646
4129,12.9127
4130,13.186
4131,13.1669
4132,13.4045
4133,13.8917
4134,13.7788
4135,13.6677
4136,13.3414
4137,13.4217
4138,13.4567
4139,13.7994
4140,13.8967
4141,13.9714
4142,13.6675
4143,13.5341
4144,13.3143
4145,13.2751
4146,13.3266
4147,13.2213
4148,13.3647
4149,13.2711
4150,13.2952
4151,13.4445
4152,13.3733
4153,13.6628
4154,13.5996
4155,13.4889
4156,13.4459
4157,13.4914
4158,13.1973
4159,13.1132
4160,13.1802
4161,13.6282
4162,13.4128
4163,13.4698
4164,13.4504
4165,13.3852
4166,13.5252
4167,13.5622
4168,13.4165
4169,13.5122
4170,13.5672
4171,13.5847
4172,13.6375
4173,13.7033
4174,13.9812
4175,14.1291
4176,14.1778
4177,14.2443
4178,14.0344
4179,13.9538
4180,13.61
4181,13.5894
4182,13.5488
4183,13.4786
4184,13.497
4185,13.5118
4186,13.6569
4187,13.6406
4188,13.7714
4189,13.9412
4190,13.823
4191,13.845
4192,13.8542
4193,13.772
4194,13.8526
4195,13.8169
4196,13.8163
4197,13.8483
4198,13.9658
4199,13.9904
4200,13.9787
4201,13.9476
4202,13.9342
4203,13.6882
4204,13.7144
4205,13.7409
4206,13.7228
4207,13.7437
4208,13.6204
4209,13.6592
4210,13.5982
4211,13.6263
4212,13.5401
4213,13.4621
4214,13.3267
4215,13.2516
4216,13.224
4217,13.1383
4218,13.1712
4219,13.1319
4220,12.9325
4221,12.9504
4222,13.0063
4223,13.0077
4224,12.89
4225,12.8038
4226,12.712
4227,12.6472
4228,12.6833
4229,12.72
4230,12.7857
4231,12.7392
4232,12.7753
4233,12.7658
4234,12.8822
4235,12.7856
4236,12.6793
4237,12.7408
4238,12.8296
4239,12.8294
4240,12.8675
4241,12.8779
4242,12.8575
4243,12.7891
4244,12.7764
4245,12.7723
4246,12.8339
4247,12.9777
4248,12.9469
4249,12.784
4250,12.6299
4251,12.715
4252,12.6336
4253,12.6719
4254,12.6591
4255,12.6645
4256,12.6935
4257,12.6833
4258,12.833
4259,12.8035
4260,12.6795
4261,12.6706
4262,12.8039
4263,12.8489
4264,12.8093
4265,12.7691
4266,12.7317
4267,12.8155
4268,12.9902
4269,13.1568
4270,13.1324
4271,13.0736
4272,13.1458
4273,13.2168
4274,13.0816
4275,13.1322
4276,13.2288
4277,13.1171
4278,13.2087
4279,13.1392
4280,13.1667
4281,13.2093
4282,13.0141
4283,12.9942
4284,12.9629
4285,12.9725
4286,13.1344
4287,13.1659
4288,13.3374
4289,13.515
4290,13.447
4291,13.4929
4292,13.6739
4293,13.7302
4294,13.7747
4295,13.7994
4296,13.7809
4297,13.7935
4298,13.7203
4299,14.0335
4300,14.004
4301,14.0156
4302,13.9439
4303,13.9169
4304,14.0749
4305,14.3047
4306,14.3949
4307,14.2443
4308,14.2319
4309,14.1116
4310,13.9355
4311,14.0351
4312,13.9625
4313,14.006
4314,13.97
4315,13.9974
4316,13.9115
4317,13.9154
4318,13.7033
4319,13.7257
4320,13.7668
4321,13.849
4322,13.9542
4323,13.8616
4324,13.6652
4325,13.653
4326,13.4084
4327,13.397
4328,13.3174
4329,13.3617
4330,13.3508
4331,13.4925
4332,13.4533
4333,13.2924
4334,13.3241
4335,13.4795
4336,13.3449
4337,13.2832
4338,13.2226
4339,13.1201
4340,13.1921
4341,13.2928
4342,13.5218
4343,13.6796
4344,13.6541
4345,13.4425
4346,13.2837
4347,13.2644
4348,13.2833
4349,13.2867
4350,13.3927
4351,13.1357
4352,13.0708
4353,13.1849
4354,13.1891
4355,13.1188
4356,13.1094
4357,13.1474
4358,13.1311
4359,13.1639
4360,13.143
4361,13.1745
4362,13.1261
4363,13.0854
4364,13.1762
4365,13.1284
4366,13.176
4367,13.1703
4368,13.1847
4369,13.2746
4370,13.4172
4371,13.2571
4372,13.191
4373,13.1793
4374,13.1221
4375,13.0483
4376,12.9976
4377,12.9921
4378,12.9992
4379,13.0305
4380,12.9749
4381,12.7458
4382,12.7492
4383,12.8192
4384,12.8235
4385,12.9042
4386,12.8376
4387,12.9123
4388,12.8233
4389,12.917
4390,12.8521
4391,12.8695
4392,12.8178
4393,12.8375
4394,12.8528
4395,12.7589
4396,12.6987
4397,12.8426
4398,12.868
4399,12.9119
4400,12.8792
4401,12.8901
4402,12.8188
4403,12.8077
4404,12.7981
4405,12.8299
4406,12.8551
4407,12.8571
4408,12.9759
4409,12.9839
4410,12.9669
4411,13.0112
4412,13.09
4413,13.0498
4414,13.0911
4415,13.0387
4416,13.0449
4417,12.9769
4418,13.0432
4419,13.1168
4420,13.1789
4421,13.1975
4422,13.2284
4423,13.2353
4424,13.2522
4425,13.2063
4426,13.0245
4427,13.0395
4428,13.0188
4429,12.9799
4430,12.9984
4431,12.9861
4432,13.0372
4433,12.9617
4434,12.9268
4435,12.9335
4436,12.96
4437,12.9284
4438,12.9102
4439,12.8469
4440,12.7964
4441,12.7584
4442,12.7869
4443,12.7768
4444,12.7624
4445,12.7236
4446,12.7327
4447,12.7777
4448,12.8991
4449,12.9764
4450,13.0058
4451,13.0101
4452,12.988
4453,12.9658
4454,12.7488
4455,12.743
4456,12.7597
4457,12.7679
4458,12.8015
4459,12.7503
4460,12.6555
4461,12.6478
4462,12.6533
4463,12.6526
4464,12.6305
4465,12.5868
4466,12.6555
4467,12.7098
4468,12.6817
4469,12.6616
4470,12.6286
4471,12.6993
4472,12.7802
4473,12.7134
4474,12.7408
4475,12.7094
4476,12.6377
4477,12.6294
4478,12.6664
4479,12.7105
4480,12.7307
4481,12.7706
4482,12.7364
4483,12.7116
4484,12.6982
4485,12.6866
4486,12.6959
4487,12.6873
4488,12.6694
4489,12.7699
4490,12.7517
4491,12.7028
4492,12.868
4493,12.8322
4494,12.7795
4495,12.8012
4496,12.7814
4497,12.7355
4498,12.7345
4499,12.7839
4500,12.6684
4501,12.5308
4502,12.4641
4503,12.3967
4504,12.4545
4505,12.439
4506,12.4339
4507,12.3909
4508,12.3841
4509,12.3724
4510,12.3579
4511,12.3546
4512,12.3612
4513,12.3438
4514,12.2728
4515,12.3266
4516,12.3197
4517,12.2383
4518,12.1588
4519,12.1304
4520,12.114
4521,12.0691
4522,12.0824
4523,12.1729
4524,12.1668
4525,12.237
4526,12.2479
4527,12.2254
4528,12.3227
4529,12.2492
4530,12.2768
4531,12.1231
4532,12.155
4533,12.1326
4534,12.1456
4535,12.1756
4536,12.0851
4537,12.1074
4538,12.0733
4539,12.0393
4540,11.9807
4541,12.1094
4542,12.1448
4543,12.1485
4544,12.2313
4545,12.2378
4546,12.3177
4547,12.3258
4548,12.3414
4549,12.3113
4550,12.4764
4551,12.5219
4552,12.4831
4553,12.5275
4554,12.6328
4555,12.7781
4556,12.8035
4557,12.7882
4558,12.7317
4559,12.8167
4560,12.9079
4561,12.7173
4562,12.8572
4563,12.8846
4564,12.8442
4565,12.7812
4566,12.6916
4567,12.737
4568,12.88
4569,12.8695
4570,13.4015
4571,13.4041
4572,13.3966
4573,13.2424
4574,13.1884
4575,13.0235
4576,13.0279
4577,12.9131
4578,12.985
4579,13.0377
4580,12.8902
4581,13.0567
4582,12.9267
4583,12.8654
4584,12.9494
4585,12.8599
4586,12.8234
4587,12.7387
4588,12.6299
4589,12.5455
4590,12.4976
4591,12.5499
4592,12.5054
4593,12.5093
4594,12.633
4595,12.6468
4596,12.7091
4597,12.7321
4598,12.7635
4599,12.8464
4600,12.8068
4601,12.6904
4602,12.6759
4603,12.6445
4604,12.6989
4605,12.646
4606,12.5889
4607,12.5666
4608,12.7545
4609,12.7255
4610,12.8625
4611,12.8722
4612,13.0124
4613,13.0064
4614,13.1424
4615,13.1486
4616,12.9979
4617,13.109
4618,13.3366
4619,13.2539
4620,13.3104
4621,13.3415
4622,13.307
4623,13.4394
4624,13.3065
4625,13.4079
4626,13.2413
4627,13.1471
4628,13.1119
4629,13.0938
4630,13.0854
4631,13.054
4632,12.9241
4633,12.9687
4634,12.7179
4635,12.7685
4636,12.7846
4637,12.8754
4638,12.953
4639,13.0119
4640,13.145
4641,13.1747
4642,13.1294
4643,13.1593
4644,13.2663
4645,13.0976
4646,13.0959
4647,13.1417
4648,13.2126
4649,13.0913
4650,13.0514
4651,13.0492
4652,12.9725
4653,12.8816
4654,12.7717
4655,12.7988
4656,12.9314
4657,12.8713
4658,12.9433
4659,12.9916
4660,12.8693
4661,12.8948
4662,12.8903
4663,12.864
4664,13.0067
4665,13.0789
4666,12.9869
4667,13.1341
4668,13.1388
4669,13.1912
4670,13.2412
4671,13.2314
4672,13.1879
4673,13.103
4674,13.0173
4675,12.9524
4676,12.8869
4677,12.9697
4678,13.0617
4679,13.0223
4680,13.0267
4681,13.0745
4682,13.0925
4683,13.0836
4684,13.1101
4685,13.2041
4686,13.2372
4687,13.0826
4688,13.0057
4689,12.9299
4690,12.8612
4691,12.8574
4692,12.9342
4693,12.9515
4694,12.9439
4695,12.9575
4696,12.9937
4697,12.973
4698,12.9574
4699,12.961
4700,13.02
4701,13.0547
4702,13.0765
4703,13.0652
4704,13.0843
4705,13.1011
4706,13.0911
4707,13.0905
4708,13.0337
4709,13.0846
4710,13.1403
4711,13.0065
4712,12.9889
4713,13.0956
4714,13.1689
4715,13.2907
4716,13.2737
4717,13.242
4718,13.2984
4719,13.3194
4720,13.3722
4721,13.493
4722,13.4408
4723,13.3104
4724,13.3671
4725,13.3207
4726,13.3769
4727,13.3928
4728,13.3705
4729,13.2211
4730,13.3285
4731,13.3134
4732,13.2916
4733,13.3056
4734,13.332
4735,13.2477
4736,13.1949
4737,13.2261
4738,13.2714
4739,13.2913
4740,13.2704
4741,13.209
4742,13.2248
4743,13.2992
4744,13.3066
4745,13.2379
4746,13.3201
4747,13.2752
4748,13.2519
4749,13.1476
4750,13.1795
4751,13.2248
4752,13.243
4753,13.2659
4754,13.2456
4755,13.234
4756,13.1675
4757,13.1695
4758,13.2703
4759,13.22
4760,13.2019
4761,13.1349
4762,13.1273
4763,13.0837
4764,13.0841
4765,13.0549
4766,13.0313
4767,13.0991
4768,13.1324
4769,13.0345
4770,13.0179
4771,12.9642
4772,13.0604
4773,13.0453
4774,13.0788
4775,13.0493
4776,13.0986
4777,13.0603
4778,13.0413
4779,13.0448
4780,13.0908
4781,13.101
4782,13.1371
4783,13.1356
4784,13.1039
4785,13.0901
4786,12.9981
4787,13.0102
4788,13.0129
4789,12.9876
4790,12.9477
4791,12.9843
4792,12.9534
4793,12.9234
4794,12.8993
4795,12.9755
4796,12.9193
4797,12.8944
4798,12.9425
4799,12.9132
4800,12.8801
4801,12.8656
4802,12.8616
4803,12.8772
4804,12.866
4805,12.8462
4806,12.8609
4807,12.9108
4808,12.9447
4809,12.9527
4810,12.8868
4811,12.8981
4812,12.9912
4813,13.0486
4814,13.0306
4815,12.9815
4816,13.0164
4817,13.0323
4818,13.1007
4819,13.0672
4820,12.9885
4821,13.0124
4822,13.0056
4823,13.0218
4824,13.0174
4825,13.0323
4826,13.0002
4827,12.9712
4828,12.9605
4829,12.9673
4830,12.9829
4831,12.9768
4832,12.9949
4833,13.0006
4834,12.978
4835,13.0015
4836,12.985
4837,12.9755
4838,12.9611
4839,12.939
4840,12.9454
4841,12.9588
4842,12.9751
4843,12.9393
4844,12.9286
4845,12.9572
4846,12.9445
4847,12.9878
4848,13.0578
4849,13.1357
4850,13.2269
4851,13.1932
4852,13.1962
4853,13.2716
4854,13.258
4855,13.2551
4856,13.236
4857,13.1998
4858,13.159
4859,13.1113
4860,13.0717
4861,13.0748
4862,13.0505
4863,13.0532
4864,13.0814
4865,13.0963
4866,13.1328
4867,13.1383
4868,13.1059
4869,13.0811
4870,13.1109
4871,13.0763
4872,13.0833
4873,13.1299
4874,13.0892
4875,13.0959
4876,13.0788
4877,13.0813
4878,13.2162
4879,13.2144
4880,13.2144
4881,13.2644
4882,13.2223
4883,13.1762
4884,13.2402
4885,13.2369
4886,13.2566
4887,13.2768
4888,13.3015
4889,13.3848
4890,13.4541
4891,13.4891
4892,13.433
4893,13.4455
4894,13.4026
4895,13.4835
4896,13.4089
4897,13.4332
4898,13.4786
4899,13.3789
4900,13.4331
4901,13.4203
4902,13.4094
4903,13.5423
4904,13.5616
4905,13.5231
4906,13.5357
4907,13.4989
4908,13.5559
4909,13.5288
4910,13.5263
4911,13.5701
4912,13.4843
4913,13.4239
4914,13.4316
4915,13.4773
4916,13.5503
4917,13.5925
4918,13.607
4919,13.6173
4920,13.5573
4921,13.5528
4922,13.5874
4923,13.5613
4924,13.5995
4925,13.5348
4926,13.5445
4927,13.6146
4928,13.6115
4929,13.6152
4930,13.6374
4931,13.642
4932,13.7219
4933,13.7667
4934,13.8965
4935,13.9262
4936,14.076
4937,14.0918
4938,14.1165
4939,14.3045
4940,14.4042
4941,14.3674
4942,14.5181
4943,14.6648
4944,14.7853
4945,14.7499
4946,14.6028
4947,14.5562
4948,14.6378
4949,14.6359
4950,14.7008
4951,14.7429
4952,14.6955
4953,14.718
4954,14.7348
4955,14.7414
4956,14.829
4957,14.9469
4958,14.8479
4959,14.7936
4960,14.6274
4961,14.5804
4962,14.6398
4963,14.5559
4964,14.5644
4965,14.5821
4966,14.6223
4967,14.6524
4968,14.6484
4969,14.6983
4970,14.612
4971,14.6499
4972,14.5887
4973,14.5872
4974,14.6878
4975,14.8414
4976,14.9885
4977,14.7566
4978,14.8011
4979,14.7548
4980,14.9024
4981,14.8014
4982,14.9309
4983,15.1099
4984,14.9167
4985,14.8605
4986,14.8979
4987,14.8971
4988,14.9473
4989,14.9583
4990,15.0757
4991,15.0832
4992,14.9712
4993,14.9228
4994,14.9624
4995,14.9553
4996,14.9862
4997,14.9544
4998,15.0756
4999,15.1686
5000,15.4445
5001,15.4544
5002,15.5837
5003,15.4455
5004,15.4003
5005,15.4892
5006,15.4271
5007,15.4192
5008,15.296
5009,15.0317
5010,14.9644
5011,14.9347
5012,14.9524
5013,15.1056
5014,15.1542
5015,15.2427
5016,15.2647
5017,15.1206
5018,14.8003
5019,14.9039
5020,14.9072
5021,15.0554
5022,15.1706
5023,15.2947
5024,15.2339
5025,15.3891
5026,15.2455
5027,15.3128
5028,15.3973
5029,15.3837
5030,15.4518
5031,15.3539
5032,15.3834
5033,15.3213
5034,15.2225
5035,15.2043
5036,15.3714
5037,15.494
5038,15.3225
5039,15.2825
5040,15.3397
5041,15.1424
5042,15.2624
5043,15.3211
5044,15.2213
5045,15.1235
5046,15.0225
5047,15.12
5048,15.2008
5049,15.212
5050,15.2326
5051,15.2918
5052,15.2635
5053,15.3235
5054,15.3581
5055,15.3737
5056,15.3815
5057,15.4845
5058,15.4128
5059,15.4833
5060,15.5347
5061,15.6958
5062,15.6715
5063,15.5645
5064,15.4779
5065,15.4409
5066,15.4129
5067,15.4327
5068,15.4192
5069,15.4199
5070,15.2828
5071,15.3274
5072,15.3072
5073,15.4088
5074,15.4555
5075,15.4816
5076,15.5676
5077,15.6599
5078,15.6854
5079,15.7829
5080,15.6821
5081,15.6918
5082,15.753
5083,15.8281
5084,15.8174
5085,15.7856
5086,15.7329
5087,15.7404
5088,15.6728
5089,15.747
5090,15.8014
5091,15.9121
5092,15.9856
5093,15.9728
5094,16.095
5095,16.0988
5096,16.2364
5097,16.2681
5098,16.2638
5099,16.214
5100,16.4512
5101,16.0772
5102,16.1129
5103,16.1736
5104,16.3762
5105,16.3533
5106,16.1645
5107,16.1652
5108,16.3241
5109,16.2976
5110,16.3541
5111,16.3658
5112,16.3993
5113,16.4317
5114,16.4908
5115,16.7182
5116,16.9171
5117,17.0975
5118,16.9859
5119,17.1065
5120,16.8863
5121,16.7684
5122,16.7829
5123,16.8692
5124,16.9444
5125,16.7918
5126,16.8454
5127,16.988
5128,16.7979
5129,16.7773
5130,16.8103
5131,16.8261
5132,16.8168
5133,16.7716
5134,16.568
5135,16.539
5136,16.6865
5137,16.8713
5138,17.0453
5139,17.1149
5140,16.9595
5141,17.0073
5142,17.0771
5143,16.9053
5144,16.8566
5145,16.8162
5146,16.6941
5147,16.6878
5148,16.5762
5149,16.5464
5150,16.418
5151,16.4219
5152,16.5848
5153,16.5804
5154,16.425
5155,16.3959
5156,16.4899
5157,16.5618
5158,16.66
5159,16.5284
5160,16.5138
5161,16.4998
5162,16.5545
5163,16.4503
5164,16.6219
5165,16.5244
5166,16.4196
5167,16.5147
5168,16.5959
5169,16.8382
5170,16.87
5171,16.7658
5172,16.7173
5173,16.7406
5174,16.7395
5175,16.757
5176,16.7636
5177,16.5748
5178,16.512
5179,16.5306
5180,16.4705
5181,16.5548
5182,16.5492
5183,16.5784
5184,16.5856
5185,16.5104
5186,16.5933
5187,16.7095
5188,16.6757
5189,16.9044
5190,17.0164
5191,17.016
5192,17.075
5193,17.3592
5194,17.3776
5195,17.1529
5196,17.136
5197,17.1
5198,17.0139
5199,17.1034
5200,17.1847
5201,17.1953
5202,17.276
5203,17.271
5204,17.2065
5205,17.3398
5206,17.2487
5207,17.3529
5208,17.3456
5209,17.4411
5210,17.6568
5211,17.9283
5212,17.9304
5213,17.9119
5214,17.85
5215,17.9121
5216,18.2108
5217,18.2327
5218,18.1947
5219,18.608
5220,18.5084
5221,18.428
5222,18.5352
5223,18.4715
5224,18.453
5225,18.2906
5226,18.1935
5227,18.4902
5228,18.4537
5229,18.1891
5230,18.3748
5231,18.6959
5232,18.7818
5233,18.8089
5234,19.1754
5235,19.0392
5236,18.8471
5237,18.8148
5238,18.3895
5239,18.1439
5240,18.2762
5241,18.0568
5242,18.1948
5243,18.2893
5244,18.168
5245,18.1706
5246,18.102
5247,17.9432
5248,17.8561
5249,17.8971
5250,17.7723
5251,17.7526
5252,17.9044
5253,17.7523
5254,17.8601
5255,17.7002
5256,17.7691
5257,17.926
5258,17.9308
5259,17.4034
5260,17.2995
5261,17.3361
5262,17.5273
5263,17.461
5264,17.4015
5265,17.2509
5266,17.237
5267,17.3338
5268,17.4484
5269,17.7252
5270,17.7286
5271,17.893
5272,17.7391
5273,17.6452
5274,17.5719
5275,17.49
5276,17.388
5277,17.5669
5278,17.4598
5279,17.2825
5280,17.3078
5281,17.4202
5282,17.4359
5283,17.5866
5284,17.4298
5285,17.3993
5286,17.2125
5287,17.1767
5288,17.2279
5289,17.5234
5290,17.7358
5291,17.7866
5292,17.9204
5293,18.1033
5294,18.0205
5295,17.9549
5296,17.9915
5297,18.1562
5298,18.1795
5299,18.3217
5300,18.3761
5301,18.5465
5302,18.3826
5303,18.4444
5304,18.4694
5305,18.452
5306,18.4572
5307,18.4527
5308,18.4777
5309,18.4118
5310,18.5299
5311,18.6097
5312,18.6283
5313,18.5889
5314,18.5067
5315,18.1491
5316,18.2742
5317,18.5046
5318,18.7915
5319,18.9814
5320,18.8672
5321,18.9968
5322,18.8527
5323,18.6559
5324,18.6444
5325,18.5325
5326,18.3207
5327,18.8716
5328,19.1283
5329,18.9113
5330,18.555
5331,18.4646
5332,18.309
5333,18.3858
5334,18.7536
5335,18.8161
5336,18.8607
5337,18.5991
5338,18.4597
5339,18.3006
5340,18.3937
5341,18.3061
5342,18.492
5343,18.4879
5344,18.5719
5345,18.5729
5346,18.6022
5347,18.6089
5348,18.7569
5349,18.8114
5350,18.8602
5351,18.8979
5352,18.7837
5353,18.8504
5354,18.8966
5355,18.9117
5356,18.8612
5357,18.8691
5358,18.5716
5359,18.3842
5360,18.3479
5361,18.2678
5362,18.2455
5363,18.0363
5364,17.9869
5365,18.2598
5366,18.0832
5367,18.2674
5368,18.3023
5369,18.3202
5370,18.4971
5371,18.446
5372,18.283
5373,18.5773
5374,18.7953
5375,18.8611
5376,18.8523
5377,18.6589
5378,18.5581
5379,18.3524
5380,18.3689
5381,18.5427
5382,18.8451
5383,19.0646
5384,19.152
5385,19.2275
5386,19.2514
5387,19.6097
5388,19.777
5389,19.8394
5390,19.5965
5391,19.7211
5392,19.8322
5393,19.5044
5394,19.5002
5395,19.4086
5396,19.3776
5397,19.3211
5398,19.2138
5399,19.2554
5400,19.2433
5401,19.2994
5402,18.8786
5403,18.9531
5404,18.9622
5405,19.0399
5406,19.0046
5407,18.8723
5408,18.6726
5409,18.5894
5410,18.5945
5411,18.6481
5412,18.5658
5413,18.5147
5414,18.6485
5415,18.8443
5416,18.7304
5417,18.8887
5418,19.1306
5419,19.2014
5420,19.0792
5421,18.6192
5422,18.5089
5423,19.925
5424,20.4812
5425,21.0511
5426,20.8729
5427,20.349
5428,20.2884
5429,20.1898
5430,20.4193
5431,20.5205
5432,20.6901
5433,20.7051
5434,20.6475
5435,20.5521
5436,20.6225
5437,20.5155
5438,20.7488
5439,20.6149
5440,20.5927
5441,20.3863
5442,20.2967
5443,20.4162
5444,20.3305
5445,20.2567
5446,20.2226
5447,20.5973
5448,20.428
5449,20.4098
5450,20.43
5451,20.4921
5452,20.7179
5453,20.6271
5454,20.6445
5455,20.7052
5456,20.7314
5457,20.664
5458,20.6194
5459,20.7323
5460,20.852
5461,21.3799
5462,21.3661
5463,21.3144
5464,21.3219
5465,21.6168
5466,21.9076
5467,21.7204
5468,21.633
5469,21.6643
5470,21.5738
5471,21.8514
5472,21.9044
5473,21.7002
5474,21.4512
5475,21.3692
5476,21.3439
5477,21.2024
5478,21.0212
5479,20.7588
5480,20.7908
5481,20.7752
5482,20.5757
5483,20.3439
5484,20.637
5485,20.4994
5486,20.4163
5487,20.3535
5488,20.328
5489,20.3507
5490,20.3254
5491,20.3325
5492,20.4526
5493,20.4059
5494,20.4489
5495,19.9127
5496,19.7011
5497,19.8335
5498,19.8322
5499,19.9957
5500,19.9007
5501,19.9373
5502,19.6147
5503,19.5538
5504,19.521
5505,19.6007
5506,19.7974
5507,19.6279
5508,19.5803
5509,19.6543
5510,19.4493
5511,19.173
5512,19.117
5513,19.107
5514,19.0837
5515,18.9877
5516,18.8528
5517,18.8661
5518,18.8853
5519,18.8092
5520,18.7079
5521,18.7955
5522,18.732
5523,18.8334
5524,18.7192
5525,18.7696
5526,18.656
5527,18.6923
5528,18.7646
5529,18.7528
5530,18.5582
5531,18.4863
5532,18.8374
5533,18.8187
5534,18.8413
5535,18.6521
5536,18.9225
5537,19.1119
5538,19.067
5539,18.9594
5540,18.7731
5541,18.8031
5542,19.0019
5543,19.0137
5544,19.1164
5545,19.1364
5546,18.9587
5547,18.9039
5548,18.7594
5549,18.67
5550,18.6183
5551,18.6761
5552,18.8898
5553,18.6859
5554,18.6633
5555,18.615
5556,18.5689
5557,18.4185
5558,18.4849
5559,18.5121
5560,18.6643
5561,18.6909
5562,18.5941
5563,18.6204
5564,18.3819
5565,18.2762
5566,18.2278
5567,18.1946
5568,18.1939
5569,18.1802
5570,18.0725
5571,17.9343
5572,18.1154
5573,17.9321
5574,17.9519
5575,18.1167
5576,18.157
5577,18.127
5578,17.99
5579,17.8775
5580,17.9862
5581,17.8973
5582,18.0279
5583,18.0626
5584,18.2064
5585,18.2036
5586,18.3556
5587,18.3227
5588,18.1394
5589,17.9751
5590,17.9482
5591,17.7708
5592,17.7422
5593,17.5613
5594,17.5836
5595,17.5134
5596,17.4937
5597,17.526
5598,17.5618
5599,17.6893
5600,17.7492
5601,17.7561
5602,17.6886
5603,17.7435
5604,17.8646
5605,17.8108
5606,17.8696
5607,17.8733
5608,17.8798
5609,17.9641
5610,17.916
5611,17.9671
5612,17.9073
5613,17.847
5614,17.7755
5615,17.8483
5616,17.716
5617,17.7324
5618,17.8584
5619,17.6501
5620,17.6458
5621,17.7113
5622,17.6977
5623,17.6205
5624,17.8049
5625,17.876
5626,17.7753
5627,17.8145
5628,17.7861
5629,17.8683
5630,17.836
5631,17.8136
5632,17.6965
5633,17.7331
5634,17.6443
5635,17.781
5636,17.7836
5637,17.7278
5638,17.6857
5639,17.761
5640,17.7643
5641,17.7009
5642,17.8545
5643,17.7487
5644,17.8831
5645,17.9933
5646,18.13
5647,18.1979
5648,18.159
5649,18.2337
5650,18.2113
5651,18.2282
5652,18.306
5653,18.5522
5654,18.6646
5655,18.6327
5656,18.718
5657,18.7631
5658,18.9008
5659,19.0753
5660,19.0117
5661,18.8869
5662,18.8248
5663,19.008
5664,19.0489
5665,19.2009
5666,19.077
5667,19.096
5668,19.1474
5669,19.2188
5670,19.1478
5671,19.1241
5672,19.185
5673,19.0814
5674,19.1349
5675,19.0718
5676,19.09
5677,19.0526
5678,19.168
5679,19.1334
5680,19.2268
5681,19.1224
5682,18.9724
5683,18.8242
5684,18.74
5685,18.6041
5686,18.5379
5687,18.52
5688,18.5848
5689,18.519
5690,18.6229
5691,18.6399
5692,18.642
5693,18.6958
5694,18.8897
5695,18.9315
5696,18.9445
5697,18.974
5698,19.1391
5699,19.1202
5700,19.1289
5701,19.0289
5702,19.1913
5703,19.2291
5704,19.3962
5705,19.5848
5706,19.7223
5707,19.7867
5708,19.7354
5709,19.6629
5710,19.4899
5711,19.3717
5712,19.2427
5713,19.2737
5714,19.2323
5715,19.3065
5716,19.2405
5717,19.3433
5718,19.0446
5719,18.8113
5720,18.8362
5721,18.655
5722,18.6361
5723,18.5813
5724,18.7118
5725,18.798
5726,18.5178
5727,18.478
5728,18.4672
5729,18.6196
5730,18.6982
5731,18.6069
5732,18.4004
5733,18.5248
5734,18.7009
5735,18.6492
5736,18.8815
5737,18.8623
5738,18.6703
5739,18.6269
5740,18.6025
5741,18.5159
5742,18.4797
5743,18.536
5744,18.6594
5745,18.6518
5746,18.6574
5747,18.5659
5748,18.6456
5749,18.7902
5750,18.8331
5751,18.861
5752,18.8909
5753,18.8838
5754,18.7246
5755,18.7922
5756,18.7148
5757,18.5812
5758,18.6199
5759,18.5604
5760,18.5854
5761,18.7023
5762,18.7216
5763,18.7614
5764,18.6001
5765,18.5078
5766,18.5364
5767,18.3268
5768,18.3445
5769,18.2709
5770,18.2967
5771,18.2044
5772,18.2244
5773,18.1081
5774,18.2888
5775,18.2753
5776,18.2882
5777,18.2018
5778,18.1353
5779,18.087
5780,18.0394
5781,17.9787
5782,18.0333
5783,18.2819
5784,18.621
5785,18.8628
5786,18.8139
5787,19.053
5788,18.8644
5789,18.6847
5790,18.7878
5791,19.0943
5792,19.1223
5793,19.2017
5794,19.4232
5795,19.5781
5796,19.5387
5797,19.2989
5798,19.3539
5799,19.5214
5800,19.7854
5801,19.7094
5802,19.7033
5803,19.9319
5804,19.9054
5805,19.7528
5806,19.7661
5807,19.7048
5808,19.5608
5809,19.5915
5810,19.7499
5811,19.7322
5812,19.9759
5813,19.8662
5814,19.9934
5815,20.3863
5816,20.3129
5817,20.46
5818,20.5281
5819,20.4722
5820,20.596
5821,20.6259
5822,20.6953
5823,20.716
5824,20.6968
5825,20.5531
5826,20.3937
5827,20.3689
5828,20.1264
5829,20.0908
5830,19.8754
5831,20.0553
5832,19.8633
5833,19.6912
5834,20.1453
5835,19.5974
5836,19.4284
5837,19.2513
5838,19.0719
5839,19.1563
5840,19.0559
5841,18.9632
5842,18.8241
5843,18.8854
5844,18.836
5845,18.8763
5846,18.91
5847,19.079
5848,19.0694
5849,19.0761
5850,18.8506
5851,18.7709
5852,18.6234
5853,18.5515
5854,18.5413
5855,18.6457
5856,18.5899
5857,18.6349
5858,18.5725
5859,18.5433
5860,18.4631
5861,18.4542
5862,18.6511
5863,18.9273
5864,19.1801
5865,18.9973
5866,19.2339
5867,19.01
5868,19.0615
5869,19.0305
5870,18.8784
5871,18.8176
5872,18.8672
5873,18.8339
5874,18.6697
5875,18.9354
5876,19.0659
5877,19.1258
5878,19.1792
5879,19.2137
5880,19.3609
5881,19.4433
5882,19.3546
5883,19.2394
5884,19.2989
5885,19.268
5886,19.0511
5887,18.8775
5888,18.8689
5889,18.8399
5890,18.7694
5891,18.7672
5892,18.8296
5893,18.8539
5894,18.8516
5895,18.987
5896,18.8986
5897,18.812
5898,18.7231
5899,18.6531
5900,18.7503
5901,18.8014
5902,19.1328
5903,18.9444
5904,18.9234
5905,19
5906,19.1183
5907,19.0217
5908,18.9202
5909,18.8096
5910,18.7693
5911,18.8012
5912,19.1018
5913,19.2183
5914,19.3669
5915,19.4169
5916,19.4623
5917,19.4383
5918,19.479
5919,19.8022
5920,20.0258
5921,20.3177
5922,20.1329
5923,19.9636
5924,19.8609
5925,19.8245
5926,20.0438
5927,20.3614
5928,20.3179
5929,20.5158
5930,20.3979
5931,20.3371
5932,20.155
5933,20.4123
5934,20.2023
5935,20.2984
5936,20.3935
5937,20.5304
5938,20.4977
5939,20.4108
5940,20.2217
5941,20.3455
5942,20.2346
5943,20.5123
5944,20.5672
5945,20.4705
5946,20.2609
5947,20.3621
5948,20.2889
5949,20.2566
5950,20.3337
5951,20.1126
5952,20.1277
5953,20.0293
5954,19.9082
5955,19.9275
5956,19.8473
5957,19.8823
5958,19.6829
5959,19.6566
5960,19.6512
5961,19.5878
5962,19.6073
5963,19.4902
5964,19.3208
5965,19.3479
5966,19.2456
5967,19.1714
5968,19.1236
5969,19.0064
5970,19.0457
5971,18.9908
5972,19.063
5973,19.0844
5974,19.1902
5975,19.1297
5976,19.0771
5977,18.9859
5978,18.928
5979,19.0381
5980,18.9972
5981,19.1623
5982,19.0388
5983,19.1098
5984,19.0824
5985,19.1058
5986,19.08
5987,19.0893
5988,19.2524
5989,19.2592
5990,19.4084
5991,19.3569
5992,19.3625
5993,19.2578
5994,19.1778
5995,19.1835
5996,19.2652
5997,19.1394
5998,19.1185
5999,19.163
6000,19.2201
6001,19.2607
6002,19.2978
6003,19.3039
6004,19.2597
6005,19.3708
6006,19.5225
6007,19.4902
6008,19.4243
6009,19.3049
6010,19.332
6011,19.3233
6012,19.2176
6013,19.0004
6014,18.9098
6015,18.8694
6016,19.1369
6017,19.0151
6018,19.0989
6019,19.3201
6020,19.3793
6021,19.3779
6022,19.2169
6023,19.2279
6024,19.1805
6025,19.1728
6026,19.0805
6027,18.9701
6028,18.9229
6029,18.836
6030,18.8432
6031,18.7719
6032,18.8489
6033,18.9516
6034,18.848
6035,18.8359
6036,18.9578
6037,19.0046
6038,19.0942
6039,18.9414
6040,19.012
6041,19.0099
6042,19.1014
6043,19.0012
6044,18.9781
6045,19.0499
6046,19.0837
6047,19.2623
6048,19.1374
6049,19.1928
6050,19.1427
6051,19.1236
6052,19.071
6053,19.1454
6054,19.0908
6055,19.0309
6056,18.9755
6057,19.0122
6058,19.0658
6059,19.0521
6060,19.1652
6061,19.2395
6062,19.0683
6063,19.6426
6064,19.7609
6065,19.6007
6066,19.5418
6067,19.7084
6068,19.6528
6069,19.204
6070,19.1222
6071,19.1383
6072,19.1645
6073,19.1487
6074,19.1924
6075,19.1011
6076,19.1753
6077,18.9804
6078,19.0661
6079,19.1833
6080,19.2271
6081,19.1442
6082,19.1685
6083,19.2087
6084,19.076
6085,19.0694
6086,19.0502
6087,18.9947
6088,19.0446
6089,18.9116
6090,19.0043
6091,19.2425
6092,19.1227
6093,19.0307
6094,18.9803
6095,19.0781
6096,19.0233
6097,19.0108
6098,19.0123
6099,19.0659
6100,19.1315
6101,19.0894
6102,19.0623
6103,19.0699
6104,19.09
6105,19.0747
6106,18.9929
6107,19.1627
6108,19.3116
6109,19.5731
6110,19.6291
6111,19.6953
6112,19.5118
6113,19.4283
6114,19.5803
6115,19.463
6116,19.5763
6117,19.6365
6118,19.5669
6119,19.8153
6120,19.7522
6121,19.6798
6122,19.7467
6123,19.8402
6124,19.9086
6125,19.9934
6126,20.0314
6127,20.0988
6128,20.0696
6129,20.1253
6130,20.0039
6131,19.7806
6132,19.6834
6133,19.5623
6134,19.5398
6135,19.5354
6136,19.5478
6137,19.4265
6138,19.3665
6139,19.4262
6140,19.3528
6141,19.3981
6142,19.4478
6143,19.4459
6144,19.4587
6145,19.5775
6146,19.6363
6147,19.6808
6148,19.7345
6149,19.7792
6150,19.7985
6151,19.7368
6152,19.5255
6153,19.5522
6154,19.584
6155,19.5689
6156,19.4764
6157,19.3217
6158,19.2652
6159,19.252
6160,19.2135
6161,19.1602
6162,19.1492
6163,19.1422
6164,19.105
6165,19.1258
6166,19.0878
6167,19.082
6168,19.0543
6169,19.1167
6170,19.1643
6171,19.1948
6172,19.1058
6173,19.1525
6174,19.2125
6175,19.1953
6176,19.1327
6177,19.1068
6178,19.109
6179,19.2178
6180,19.4543
6181,19.4228
6182,19.2063
6183,19.3687
6184,19.48
6185,19.4138
6186,19.3987
6187,19.4468
6188,19.5185
6189,19.5607
6190,19.6113
6191,19.5352
6192,19.5717
6193,19.5678
6194,19.4707
6195,19.3688
6196,19.3247
6197,19.2302
6198,19.2362
6199,19.1785
6200,19.0455
6201,18.9702
6202,18.9165
6203,18.9542
6204,18.964
6205,18.9133
6206,18.9385
6207,18.9643
6208,18.9445
6209,18.8452
6210,18.8727
6211,18.8642
6212,18.8817
6213,18.8673
6214,18.827
6215,18.8852
6216,18.798
6217,18.8453
6218,18.7732
6219,18.8215
6220,18.812
6221,18.8077
6222,18.793
6223,18.7388
6224,18.6725
6225,18.7007
6226,18.6883
6227,18.8018
6228,18.8313
6229,18.9407
6230,18.8022
6231,18.7067
6232,18.7853
6233,18.9082
6234,18.6797
6235,18.6245
6236,18.6645
6237,18.7763
6238,18.7653
6239,18.674
6240,18.6308
6241,18.6458
6242,18.5712
6243,18.5715
6244,18.5952
6245,18.591
